Entity,Code,Year,Growth
Africa,,1966,11.538
Africa,,1967,4.388
Africa,,1968,16.971
Africa,,1969,16.699
Africa,,1970,25.02
Africa,,1971,-5.259
Africa,,1972,13.832
Africa,,1973,5.764
Africa,,1974,13.728
Africa,,1975,5.714
Africa,,1976,10.801
Africa,,1977,9.85
Africa,,1978,0.833
Africa,,1979,7.02
Africa,,1980,-2.507
Africa,,1981,3.9
Africa,,1982,0.062
Africa,,1983,-9.843
Africa,,1984,6.975
Africa,,1985,13.124
Africa,,1986,10.128
Africa,,1987,-7.798
Africa,,1988,15.803
Africa,,1989,5.068
Africa,,1990,-2.24
Africa,,1991,6.189
Africa,,1992,-3.699
Africa,,1993,-4.586
Africa,,1994,5.033
Africa,,1995,5.839
Africa,,1996,4.524
Africa,,1997,3.366
Africa,,1998,5.241
Africa,,1999,3.976
Africa,,2000,6.425
Africa,,2001,3.334
Africa,,2002,5.222
Africa,,2003,-1.835
Africa,,2004,5.23
Africa,,2005,-0.978
Africa,,2006,1.991
Africa,,2007,3.035
Africa,,2008,2.918
Africa,,2009,1.985
Africa,,2010,7.371
Africa,,2011,1.726
Africa,,2012,0.347
Africa,,2013,6.263
Africa,,2014,6.133
Africa,,2015,0.538
Africa,,2016,1.699
Africa,,2017,6.76
Africa,,2018,3.684
Africa,,2019,10.171
Algeria,DZA,1966,-11.25
Algeria,DZA,1967,15.493
Algeria,DZA,1968,37.317
Algeria,DZA,1969,-35.879
Algeria,DZA,1970,60.665
Algeria,DZA,1971,-43.103
Algeria,DZA,1972,50
Algeria,DZA,1973,51.919
Algeria,DZA,1974,-33.91
Algeria,DZA,1975,-34.004
Algeria,DZA,1976,18.598
Algeria,DZA,1977,-30.848
Algeria,DZA,1978,-7.063
Algeria,DZA,1979,16.4
Algeria,DZA,1980,-11.684
Algeria,DZA,1981,42.412
Algeria,DZA,1982,30.874
Algeria,DZA,1983,-50.939
Algeria,DZA,1984,92.34
Algeria,DZA,1985,42.92
Algeria,DZA,1986,-61.3
Algeria,DZA,1987,99.6
Algeria,DZA,1988,-63.327
Algeria,DZA,1989,23.497
Algeria,DZA,1990,-40.265
Algeria,DZA,1991,117.037
Algeria,DZA,1992,-32.082
Algeria,DZA,1993,77.387
Algeria,DZA,1994,-52.975
Algeria,DZA,1995,16.265
Algeria,DZA,1996,-30.052
Algeria,DZA,1997,-44.444
Algeria,DZA,1998,186.667
Algeria,DZA,1999,-5.581
Algeria,DZA,2000,-73.399
Algeria,DZA,2001,26.948
Algeria,DZA,2002,-17.924
Algeria,DZA,2003,361.932
Algeria,DZA,2004,-5.886
Algeria,DZA,2005,119.835
Algeria,DZA,2006,-61.06
Algeria,DZA,2007,3.211
Algeria,DZA,2008,24.443
Algeria,DZA,2009,20.102
Algeria,DZA,2010,-47.081
Algeria,DZA,2011,116.202
Algeria,DZA,2012,4.313
Algeria,DZA,2013,-69.491
Algeria,DZA,2014,97.868
Algeria,DZA,2015,-13.119
Algeria,DZA,2016,50.479
Algeria,DZA,2017,71.281
Algeria,DZA,2018,25.342
Algeria,DZA,2019,5.978
Argentina,ARG,1966,1.306
Argentina,ARG,1967,2.417
Argentina,ARG,1968,17.86
Argentina,ARG,1969,-10.28
Argentina,ARG,1970,19.237
Argentina,ARG,1971,-0.541
Argentina,ARG,1972,-1.601
Argentina,ARG,1973,94.028
Argentina,ARG,1974,100.92
Argentina,ARG,1975,27.132
Argentina,ARG,1976,-1.772
Argentina,ARG,1977,-2.336
Argentina,ARG,1978,43.521
Argentina,ARG,1979,25.549
Argentina,ARG,1980,30.766
Argentina,ARG,1981,0.031
Argentina,ARG,1982,11.284
Argentina,ARG,1983,12.283
Argentina,ARG,1984,12.099
Argentina,ARG,1985,7.705
Argentina,ARG,1986,1.176
Argentina,ARG,1987,5.916
Argentina,ARG,1988,-26.262
Argentina,ARG,1989,-13.501
Argentina,ARG,1990,39.399
Argentina,ARG,1991,-4.699
Argentina,ARG,1992,11.984
Argentina,ARG,1993,16.508
Argentina,ARG,1994,15.644
Argentina,ARG,1995,-1.892
Argentina,ARG,1996,-5.26
Argentina,ARG,1997,22.763
Argentina,ARG,1998,-2.605
Argentina,ARG,1999,-14.986
Argentina,ARG,2000,19.229
Argentina,ARG,2001,20.474
Argentina,ARG,2002,-3.467
Argentina,ARG,2003,-1.617
Argentina,ARG,2004,-7.908
Argentina,ARG,2005,6.384
Argentina,ARG,2006,11.146
Argentina,ARG,2007,-12.535
Argentina,ARG,2008,-1.269
Argentina,ARG,2009,8.828
Argentina,ARG,2010,2.025
Argentina,ARG,2011,-1.418
Argentina,ARG,2012,-3.151
Argentina,ARG,2013,7.713
Argentina,ARG,2014,-0.021
Argentina,ARG,2015,4.879
Argentina,ARG,2016,-4.576
Argentina,ARG,2017,4.055
Argentina,ARG,2018,2.146
Argentina,ARG,2019,1.877
Australia,AUS,1966,-4.467
Australia,AUS,1967,3.496
Australia,AUS,1968,4.264
Australia,AUS,1969,8.899
Australia,AUS,1970,16.359
Australia,AUS,1971,12.834
Australia,AUS,1972,0.534
Australia,AUS,1973,6.681
Australia,AUS,1974,13.301
Australia,AUS,1975,7.508
Australia,AUS,1976,-4.806
Australia,AUS,1977,-4.542
Australia,AUS,1978,7.925
Australia,AUS,1979,-2.761
Australia,AUS,1980,-5.54
Australia,AUS,1981,3.023
Australia,AUS,1982,-6.895
Australia,AUS,1983,-5.507
Australia,AUS,1984,8.063
Australia,AUS,1985,6.115
Australia,AUS,1986,0.62
Australia,AUS,1987,-2.775
Australia,AUS,1988,6.97
Australia,AUS,1989,-0.012
Australia,AUS,1990,3.023
Australia,AUS,1991,5.538
Australia,AUS,1992,1.497
Australia,AUS,1993,2.707
Australia,AUS,1994,-1.196
Australia,AUS,1995,-2.281
Australia,AUS,1996,2.808
Australia,AUS,1997,0.236
Australia,AUS,1998,-0.324
Australia,AUS,1999,3.343
Australia,AUS,2000,0.218
Australia,AUS,2001,-2.205
Australia,AUS,2002,3.335
Australia,AUS,2003,3.321
Australia,AUS,2004,3.09
Australia,AUS,2005,6.445
Australia,AUS,2006,2.923
Australia,AUS,2007,0.101
Australia,AUS,2008,2.768
Australia,AUS,2009,10.972
Australia,AUS,2010,17.285
Australia,AUS,2011,29.467
Australia,AUS,2012,-3.616
Australia,AUS,2013,12.556
Australia,AUS,2014,-7.676
Australia,AUS,2015,5.729
Australia,AUS,2016,11.68
Australia,AUS,2017,-4.653
Australia,AUS,2018,23.903
Australia,AUS,2019,9.634
Austria,AUT,1966,7.76
Austria,AUT,1967,2.118
Austria,AUT,1968,2.752
Austria,AUT,1969,-8.067
Austria,AUT,1970,27.346
Austria,AUT,1971,-20.994
Austria,AUT,1972,2.779
Austria,AUT,1973,11.115
Austria,AUT,1974,18.236
Austria,AUT,1975,4.768
Austria,AUT,1976,-13.572
Austria,AUT,1977,21.177
Austria,AUT,1978,0.08
Austria,AUT,1979,12.654
Austria,AUT,1980,3.606
Austria,AUT,1981,5.968
Austria,AUT,1982,0.159
Austria,AUT,1983,-0.939
Austria,AUT,1984,-12.274
Austria,AUT,1985,14.621
Austria,AUT,1986,4.602
Austria,AUT,1987,12.744
Austria,AUT,1988,0.158
Austria,AUT,1989,-0.452
Austria,AUT,1990,-9.696
Austria,AUT,1991,0.063
Austria,AUT,1992,10.739
Austria,AUT,1993,5.233
Austria,AUT,1994,-3.043
Austria,AUT,1995,5.49
Austria,AUT,1996,-7.995
Austria,AUT,1997,5.677
Austria,AUT,1998,3.208
Austria,AUT,1999,8.453
Austria,AUT,2000,2.57
Austria,AUT,2001,-3.213
Austria,AUT,2002,-1.436
Austria,AUT,2003,-16.351
Austria,AUT,2004,11.878
Austria,AUT,2005,2.808
Austria,AUT,2006,1.066
Austria,AUT,2007,5.844
Austria,AUT,2008,3.469
Austria,AUT,2009,5.816
Austria,AUT,2010,-5.112
Austria,AUT,2011,-9.205
Austria,AUT,2012,23.18
Austria,AUT,2013,-2.585
Austria,AUT,2014,-0.455
Austria,AUT,2015,-4.639
Austria,AUT,2016,5.373
Austria,AUT,2017,-0.818
Austria,AUT,2018,-2.416
Austria,AUT,2019,7.989
Azerbaijan,AZE,1986,-38.721
Azerbaijan,AZE,1987,0
Azerbaijan,AZE,1988,-13.187
Azerbaijan,AZE,1989,0
Azerbaijan,AZE,1990,137.446
Azerbaijan,AZE,1991,6.11
Azerbaijan,AZE,1992,-0.682
Azerbaijan,AZE,1993,38.843
Azerbaijan,AZE,1994,-24.567
Azerbaijan,AZE,1995,-14.973
Azerbaijan,AZE,1996,-1.221
Azerbaijan,AZE,1997,11.386
Azerbaijan,AZE,1998,13.96
Azerbaijan,AZE,1999,-22.809
Azerbaijan,AZE,2000,1.859
Azerbaijan,AZE,2001,-15.74
Azerbaijan,AZE,2002,54.263
Azerbaijan,AZE,2003,21.493
Azerbaijan,AZE,2004,10.828
Azerbaijan,AZE,2005,8.543
Azerbaijan,AZE,2006,-16.855
Azerbaijan,AZE,2007,-6.703
Azerbaijan,AZE,2008,-6.17
Azerbaijan,AZE,2009,2.878
Azerbaijan,AZE,2010,48.265
Azerbaijan,AZE,2011,-22.842
Azerbaijan,AZE,2012,-32.358
Azerbaijan,AZE,2013,-14.974
Azerbaijan,AZE,2014,-11.179
Azerbaijan,AZE,2015,24.093
Azerbaijan,AZE,2016,20.407
Azerbaijan,AZE,2017,-10.687
Azerbaijan,AZE,2018,3.603
Azerbaijan,AZE,2019,-7.769
Bangladesh,BGD,1973,89.143
Bangladesh,BGD,1974,-26.586
Bangladesh,BGD,1975,79.424
Bangladesh,BGD,1976,13.303
Bangladesh,BGD,1977,-11.538
Bangladesh,BGD,1978,15.789
Bangladesh,BGD,1979,16.008
Bangladesh,BGD,1980,-0.681
Bangladesh,BGD,1981,7.204
Bangladesh,BGD,1982,-16.32
Bangladesh,BGD,1983,26.577
Bangladesh,BGD,1984,35.498
Bangladesh,BGD,1985,-17.614
Bangladesh,BGD,1986,-39.107
Bangladesh,BGD,1987,14.889
Bangladesh,BGD,1988,30.561
Bangladesh,BGD,1989,36.296
Bangladesh,BGD,1990,-3.913
Bangladesh,BGD,1991,-5.204
Bangladesh,BGD,1992,-5.012
Bangladesh,BGD,1993,-23.618
Bangladesh,BGD,1994,39.309
Bangladesh,BGD,1995,-56.08
Bangladesh,BGD,1996,98.656
Bangladesh,BGD,1997,-2.706
Bangladesh,BGD,1998,20.306
Bangladesh,BGD,1999,-3.699
Bangladesh,BGD,2000,-10.084
Bangladesh,BGD,2001,31.716
Bangladesh,BGD,2002,-25.049
Bangladesh,BGD,2003,-0.535
Bangladesh,BGD,2004,-0.504
Bangladesh,BGD,2005,-0.434
Bangladesh,BGD,2006,-0.153
Bangladesh,BGD,2007,-0.152
Bangladesh,BGD,2008,26.657
Bangladesh,BGD,2009,-53.989
Bangladesh,BGD,2010,73.05
Bangladesh,BGD,2011,19.526
Bangladesh,BGD,2012,-7.119
Bangladesh,BGD,2013,-1.621
Bangladesh,BGD,2014,-14.744
Bangladesh,BGD,2015,48.033
Bangladesh,BGD,2016,-0.467
Bangladesh,BGD,2017,17.911
Bangladesh,BGD,2018,-11.202
Bangladesh,BGD,2019,6.452
Belarus,BLR,1986,0
Belarus,BLR,1987,0
Belarus,BLR,1988,0
Belarus,BLR,1989,0
Belarus,BLR,1990,0
Belarus,BLR,1991,-10
Belarus,BLR,1992,-5.556
Belarus,BLR,1993,11.765
Belarus,BLR,1994,0
Belarus,BLR,1995,5.263
Belarus,BLR,1996,-20
Belarus,BLR,1997,31.25
Belarus,BLR,1998,33.333
Belarus,BLR,1999,-32.143
Belarus,BLR,2000,42.105
Belarus,BLR,2001,10.39
Belarus,BLR,2002,-3.957
Belarus,BLR,2003,-4.067
Belarus,BLR,2004,20.691
Belarus,BLR,2005,8.103
Belarus,BLR,2006,2.057
Belarus,BLR,2007,30.757
Belarus,BLR,2008,45.093
Belarus,BLR,2009,44.309
Belarus,BLR,2010,21.889
Belarus,BLR,2011,7.8
Belarus,BLR,2012,21.951
Belarus,BLR,2013,31.228
Belarus,BLR,2014,-8.171
Belarus,BLR,2015,19.192
Belarus,BLR,2016,31.628
Belarus,BLR,2017,106.836
Belarus,BLR,2018,-7.289
Belarus,BLR,2019,1.78
Belgium,BEL,1966,12.132
Belgium,BEL,1967,8.852
Belgium,BEL,1968,-8.133
Belgium,BEL,1969,-17.377
Belgium,BEL,1970,20.238
Belgium,BEL,1971,-55.776
Belgium,BEL,1972,42.537
Belgium,BEL,1973,90.052
Belgium,BEL,1974,36.639
Belgium,BEL,1975,1321.371
Belgium,BEL,1976,44.709
Belgium,BEL,1977,21.643
Belgium,BEL,1978,4.722
Belgium,BEL,1979,-8.002
Belgium,BEL,1980,9.794
Belgium,BEL,1981,3.078
Belgium,BEL,1982,18.565
Belgium,BEL,1983,52.49
Belgium,BEL,1984,14.936
Belgium,BEL,1985,24.266
Belgium,BEL,1986,14.067
Belgium,BEL,1987,6.744
Belgium,BEL,1988,2.597
Belgium,BEL,1989,-4.419
Belgium,BEL,1990,3.732
Belgium,BEL,1991,0.277
Belgium,BEL,1992,1.558
Belgium,BEL,1993,-3.719
Belgium,BEL,1994,-2.851
Belgium,BEL,1995,1.941
Belgium,BEL,1996,4.457
Belgium,BEL,1997,9.338
Belgium,BEL,1998,-2.234
Belgium,BEL,1999,6.272
Belgium,BEL,2000,-1.336
Belgium,BEL,2001,-4.238
Belgium,BEL,2002,1.605
Belgium,BEL,2003,-0.491
Belgium,BEL,2004,-0.15
Belgium,BEL,2005,1.183
Belgium,BEL,2006,-0.837
Belgium,BEL,2007,3.615
Belgium,BEL,2008,-3.94
Belgium,BEL,2009,5.866
Belgium,BEL,2010,4.596
Belgium,BEL,2011,3.229
Belgium,BEL,2012,-10.627
Belgium,BEL,2013,6.151
Belgium,BEL,2014,-14.866
Belgium,BEL,2015,-13.176
Belgium,BEL,2016,42.406
Belgium,BEL,2017,0.083
Belgium,BEL,2018,-20.948
Belgium,BEL,2019,34.787
Brazil,BRA,1966,9.371
Brazil,BRA,1967,4.598
Brazil,BRA,1968,4.663
Brazil,BRA,1969,7.011
Brazil,BRA,1970,23.32
Brazil,BRA,1971,8.723
Brazil,BRA,1972,17.259
Brazil,BRA,1973,14.093
Brazil,BRA,1974,13.341
Brazil,BRA,1975,10.066
Brazil,BRA,1976,14.522
Brazil,BRA,1977,12.915
Brazil,BRA,1978,10.023
Brazil,BRA,1979,13.719
Brazil,BRA,1980,10.44
Brazil,BRA,1981,1.474
Brazil,BRA,1982,8.046
Brazil,BRA,1983,7.78
Brazil,BRA,1984,10.765
Brazil,BRA,1985,8.028
Brazil,BRA,1986,0.505
Brazil,BRA,1987,2.359
Brazil,BRA,1988,6.786
Brazil,BRA,1989,3.39
Brazil,BRA,1990,13.05
Brazil,BRA,1991,4.83
Brazil,BRA,1992,2.516
Brazil,BRA,1993,4.521
Brazil,BRA,1994,3.524
Brazil,BRA,1995,5.369
Brazil,BRA,1996,4.854
Brazil,BRA,1997,4.448
Brazil,BRA,1998,3.827
Brazil,BRA,1999,0.961
Brazil,BRA,2000,2.653
Brazil,BRA,2001,-8.846
Brazil,BRA,2002,6.373
Brazil,BRA,2003,5.135
Brazil,BRA,2004,4.133
Brazil,BRA,2005,4.312
Brazil,BRA,2006,3.109
Brazil,BRA,2007,8.879
Brazil,BRA,2008,2.334
Brazil,BRA,2009,5.687
Brazil,BRA,2010,5.133
Brazil,BRA,2011,3.651
Brazil,BRA,2012,-2.45
Brazil,BRA,2013,-2.104
Brazil,BRA,2014,-0.327
Brazil,BRA,2015,1.704
Brazil,BRA,2016,4.641
Brazil,BRA,2017,0.394
Brazil,BRA,2018,6.816
Brazil,BRA,2019,5.02
Bulgaria,BGR,1966,0.5
Bulgaria,BGR,1967,0.597
Bulgaria,BGR,1968,-35.46
Bulgaria,BGR,1969,40.92
Bulgaria,BGR,1970,17.02
Bulgaria,BGR,1971,0.836
Bulgaria,BGR,1972,-3.456
Bulgaria,BGR,1973,22.673
Bulgaria,BGR,1974,17.043
Bulgaria,BGR,1975,66.456
Bulgaria,BGR,1976,58.638
Bulgaria,BGR,1977,18.507
Bulgaria,BGR,1978,-6.31
Bulgaria,BGR,1979,7.62
Bulgaria,BGR,1980,4.078
Bulgaria,BGR,1981,28.943
Bulgaria,BGR,1982,8.314
Bulgaria,BGR,1983,13.591
Bulgaria,BGR,1984,2.068
Bulgaria,BGR,1985,-3.92
Bulgaria,BGR,1986,-6.325
Bulgaria,BGR,1987,4.008
Bulgaria,BGR,1988,24.397
Bulgaria,BGR,1989,-7.35
Bulgaria,BGR,1990,-4.137
Bulgaria,BGR,1991,-5.549
Bulgaria,BGR,1992,-12.864
Bulgaria,BGR,1993,16.893
Bulgaria,BGR,1994,5.58
Bulgaria,BGR,1995,16.497
Bulgaria,BGR,1996,7.285
Bulgaria,BGR,1997,-2.362
Bulgaria,BGR,1998,-2.482
Bulgaria,BGR,1999,-7.146
Bulgaria,BGR,2000,12.301
Bulgaria,BGR,2001,1.442
Bulgaria,BGR,2002,4.61
Bulgaria,BGR,2003,-9.98
Bulgaria,BGR,2004,-2.227
Bulgaria,BGR,2005,14.339
Bulgaria,BGR,2006,2.638
Bulgaria,BGR,2007,-26.512
Bulgaria,BGR,2008,5.959
Bulgaria,BGR,2009,0.694
Bulgaria,BGR,2010,10.193
Bulgaria,BGR,2011,-4.333
Bulgaria,BGR,2012,3.63
Bulgaria,BGR,2013,-0.669
Bulgaria,BGR,2014,9.566
Bulgaria,BGR,2015,3.208
Bulgaria,BGR,2016,-5.791
Bulgaria,BGR,2017,-5.827
Bulgaria,BGR,2018,16.607
Bulgaria,BGR,2019,-4.844
Canada,CAN,1966,10.96
Canada,CAN,1967,2.215
Canada,CAN,1968,2.268
Canada,CAN,1969,10.246
Canada,CAN,1970,5.297
Canada,CAN,1971,4.746
Canada,CAN,1972,13.268
Canada,CAN,1973,11.151
Canada,CAN,1974,7.363
Canada,CAN,1975,-4.581
Canada,CAN,1976,7.334
Canada,CAN,1977,7.255
Canada,CAN,1978,8.091
Canada,CAN,1979,4.914
Canada,CAN,1980,3.471
Canada,CAN,1981,6.025
Canada,CAN,1982,-3.152
Canada,CAN,1983,6.161
Canada,CAN,1984,7.587
Canada,CAN,1985,7.39
Canada,CAN,1986,4.899
Canada,CAN,1987,3.13
Canada,CAN,1988,-0.756
Canada,CAN,1989,-4.976
Canada,CAN,1990,-0.307
Canada,CAN,1991,6.316
Canada,CAN,1992,1.042
Canada,CAN,1993,5.167
Canada,CAN,1994,4.843
Canada,CAN,1995,-0.524
Canada,CAN,1996,3.623
Canada,CAN,1997,-3.398
Canada,CAN,1998,-6.369
Canada,CAN,1999,3.937
Canada,CAN,2000,2.611
Canada,CAN,2001,-5.307
Canada,CAN,2002,3.409
Canada,CAN,2003,-3.865
Canada,CAN,2004,3.681
Canada,CAN,2005,5.063
Canada,CAN,2006,-0.757
Canada,CAN,2007,1.802
Canada,CAN,2008,2.107
Canada,CAN,2009,-2.727
Canada,CAN,2010,-3.326
Canada,CAN,2011,6.045
Canada,CAN,2012,1.199
Canada,CAN,2013,3.639
Canada,CAN,2014,-1.342
Canada,CAN,2015,1.16
Canada,CAN,2016,1.042
Canada,CAN,2017,1.207
Canada,CAN,2018,-1.971
Canada,CAN,2019,-0.553
Chile,CHL,1966,5.412
Chile,CHL,1967,2.087
Chile,CHL,1968,-16.216
Chile,CHL,1969,12.875
Chile,CHL,1970,7.033
Chile,CHL,1971,13.188
Chile,CHL,1972,18.708
Chile,CHL,1973,-2.436
Chile,CHL,1974,13.532
Chile,CHL,1975,0.452
Chile,CHL,1976,3.619
Chile,CHL,1977,5.65
Chile,CHL,1978,4.157
Chile,CHL,1979,2.724
Chile,CHL,1980,5.754
Chile,CHL,1981,3.561
Chile,CHL,1982,9.576
Chile,CHL,1983,8.507
Chile,CHL,1984,3.615
Chile,CHL,1985,10.702
Chile,CHL,1986,7.501
Chile,CHL,1987,8.126
Chile,CHL,1988,-1.596
Chile,CHL,1989,-15.685
Chile,CHL,1990,-8.833
Chile,CHL,1991,43.054
Chile,CHL,1992,30.451
Chile,CHL,1993,2.62
Chile,CHL,1994,-1.033
Chile,CHL,1995,8.104
Chile,CHL,1996,-8.285
Chile,CHL,1997,11.147
Chile,CHL,1998,-17.344
Chile,CHL,1999,-12.114
Chile,CHL,2000,36.128
Chile,CHL,2001,13.503
Chile,CHL,2002,6.178
Chile,CHL,2003,-3.307
Chile,CHL,2004,-5.95
Chile,CHL,2005,18.23
Chile,CHL,2006,7.65
Chile,CHL,2007,-16.078
Chile,CHL,2008,10.691
Chile,CHL,2009,2.082
Chile,CHL,2010,-11.55
Chile,CHL,2011,-1.917
Chile,CHL,2012,4.892
Chile,CHL,2013,2.396
Chile,CHL,2014,8.783
Chile,CHL,2015,8.455
Chile,CHL,2016,-4.388
Chile,CHL,2017,14.859
Chile,CHL,2018,12.93
Chile,CHL,2019,2.567
China,CHN,1966,1.76
China,CHN,1967,-13.797
China,CHN,1968,17.989
China,CHN,1969,1.7
China,CHN,1970,3.344
China,CHN,1971,20.96
China,CHN,1972,13.33
China,CHN,1973,11.762
China,CHN,1974,13.165
China,CHN,1975,4.645
China,CHN,1976,1.338
China,CHN,1977,4.39
China,CHN,1978,-6.303
China,CHN,1979,12.33
China,CHN,1980,19.905
China,CHN,1981,12.525
China,CHN,1982,13.586
China,CHN,1983,16.13
China,CHN,1984,0.46
China,CHN,1985,6.419
China,CHN,1986,2.339
China,CHN,1987,5.791
China,CHN,1988,9.142
China,CHN,1989,8.465
China,CHN,1990,7.097
China,CHN,1991,-1.615
China,CHN,1992,4.945
China,CHN,1993,17.452
China,CHN,1994,19.021
China,CHN,1995,13.121
China,CHN,1996,-1.5
China,CHN,1997,4.602
China,CHN,1998,1.177
China,CHN,1999,-0.602
China,CHN,2000,12.938
China,CHN,2001,22.284
China,CHN,2002,5.507
China,CHN,2003,3.915
China,CHN,2004,22.983
China,CHN,2005,11.635
China,CHN,2006,9.067
China,CHN,2007,11.655
China,CHN,2008,29.423
China,CHN,2009,-0.407
China,CHN,2010,16.385
China,CHN,2011,1.651
China,CHN,2012,23.985
China,CHN,2013,9.143
China,CHN,2014,17.489
China,CHN,2015,8.862
China,CHN,2016,10.298
China,CHN,2017,9.632
China,CHN,2018,10.604
China,CHN,2019,9.821
Colombia,COL,1966,11.097
Colombia,COL,1967,11.481
Colombia,COL,1968,11.432
Colombia,COL,1969,11.183
Colombia,COL,1970,11.305
Colombia,COL,1971,6.124
Colombia,COL,1972,10.767
Colombia,COL,1973,8.831
Colombia,COL,1974,13.543
Colombia,COL,1975,12.844
Colombia,COL,1976,5.111
Colombia,COL,1977,2.065
Colombia,COL,1978,15.348
Colombia,COL,1979,9.757
Colombia,COL,1980,8.896
Colombia,COL,1981,-1.34
Colombia,COL,1982,6.853
Colombia,COL,1983,0.842
Colombia,COL,1984,11.509
Colombia,COL,1985,7.545
Colombia,COL,1986,15.454
Colombia,COL,1987,8.874
Colombia,COL,1988,5.434
Colombia,COL,1989,9.126
Colombia,COL,1990,2.638
Colombia,COL,1991,0.811
Colombia,COL,1992,-19.198
Colombia,COL,1993,24.866
Colombia,COL,1994,15.071
Colombia,COL,1995,-0.111
Colombia,COL,1996,10.217
Colombia,COL,1997,-10.689
Colombia,COL,1998,-2.018
Colombia,COL,1999,9.082
Colombia,COL,2000,-8.326
Colombia,COL,2001,1.945
Colombia,COL,2002,6.567
Colombia,COL,2003,5.742
Colombia,COL,2004,5.267
Colombia,COL,2005,1.742
Colombia,COL,2006,7.822
Colombia,COL,2007,3.206
Colombia,COL,2008,3.68
Colombia,COL,2009,-10.827
Colombia,COL,2010,-0.969
Colombia,COL,2011,18.806
Colombia,COL,2012,-2.058
Colombia,COL,2013,-7.342
Colombia,COL,2014,1.087
Colombia,COL,2015,-0.503
Colombia,COL,2016,4.194
Colombia,COL,2017,20.72
Colombia,COL,2018,-1.42
Colombia,COL,2019,-8.908
Croatia,HRV,1991,54.56
Croatia,HRV,1992,-25.948
Croatia,HRV,1993,4.914
Croatia,HRV,1994,19.085
Croatia,HRV,1995,4.54
Croatia,HRV,1996,38.414
Croatia,HRV,1997,-25.632
Croatia,HRV,1998,2.938
Croatia,HRV,1999,21.603
Croatia,HRV,2000,-11.939
Croatia,HRV,2001,10.542
Croatia,HRV,2002,-19.047
Croatia,HRV,2003,-7.315
Croatia,HRV,2004,38.959
Croatia,HRV,2005,-8.092
Croatia,HRV,2006,-6.442
Croatia,HRV,2007,-29.105
Croatia,HRV,2008,22.432
Croatia,HRV,2009,27.384
Croatia,HRV,2010,23.41
Croatia,HRV,2011,-43.464
Croatia,HRV,2012,-1.114
Croatia,HRV,2013,75.207
Croatia,HRV,2014,6.493
Croatia,HRV,2015,-24.874
Croatia,HRV,2016,10.713
Croatia,HRV,2017,-15.425
Croatia,HRV,2018,36.657
Croatia,HRV,2019,-16.32
Cyprus,CYP,2005,21.215
Cyprus,CYP,2006,63.137
Cyprus,CYP,2007,129.312
Cyprus,CYP,2008,337.392
Cyprus,CYP,2009,102.934
Cyprus,CYP,2010,131.382
Cyprus,CYP,2011,142.349
Cyprus,CYP,2012,43.507
Cyprus,CYP,2013,26.471
Cyprus,CYP,2014,-3.335
Cyprus,CYP,2015,24.96
Cyprus,CYP,2016,5.602
Cyprus,CYP,2017,1.884
Cyprus,CYP,2018,5.944
Cyprus,CYP,2019,10.355
Czechia,CZE,1966,-5.743
Czechia,CZE,1967,-9.874
Czechia,CZE,1968,-22.611
Czechia,CZE,1969,-18.373
Czechia,CZE,1970,42.804
Czechia,CZE,1971,-29.369
Czechia,CZE,1972,4.636
Czechia,CZE,1973,-14.478
Czechia,CZE,1974,68.27
Czechia,CZE,1975,-0.275
Czechia,CZE,1976,-20.287
Czechia,CZE,1977,36.03
Czechia,CZE,1978,-6.965
Czechia,CZE,1979,25.301
Czechia,CZE,1980,4.623
Czechia,CZE,1981,-14.089
Czechia,CZE,1982,-18.971
Czechia,CZE,1983,11.078
Czechia,CZE,1984,36.765
Czechia,CZE,1985,60.347
Czechia,CZE,1986,97.271
Czechia,CZE,1987,64.062
Czechia,CZE,1988,5.689
Czechia,CZE,1989,1.049
Czechia,CZE,1990,-2.24
Czechia,CZE,1991,-3.819
Czechia,CZE,1992,3.26
Czechia,CZE,1993,4.139
Czechia,CZE,1994,3.721
Czechia,CZE,1995,-0.739
Czechia,CZE,1996,3.238
Czechia,CZE,1997,-2.806
Czechia,CZE,1998,3.227
Czechia,CZE,1999,3.694
Czechia,CZE,2000,0.916
Czechia,CZE,2001,8.447
Czechia,CZE,2002,24.646
Czechia,CZE,2003,26.904
Czechia,CZE,2004,3.609
Czechia,CZE,2005,-4.608
Czechia,CZE,2006,5.746
Czechia,CZE,2007,-0.603
Czechia,CZE,2008,1.812
Czechia,CZE,2009,4.589
Czechia,CZE,2010,5.618
Czechia,CZE,2011,4.559
Czechia,CZE,2012,7.401
Czechia,CZE,2013,3.626
Czechia,CZE,2014,-2.211
Czechia,CZE,2015,-8.727
Czechia,CZE,2016,-8.17
Czechia,CZE,2017,12.644
Czechia,CZE,2018,2.999
Czechia,CZE,2019,1.743
Denmark,DNK,1966,4
Denmark,DNK,1967,-3.846
Denmark,DNK,1968,-16
Denmark,DNK,1969,4.762
Denmark,DNK,1970,9.091
Denmark,DNK,1971,0
Denmark,DNK,1972,0
Denmark,DNK,1973,0
Denmark,DNK,1974,0
Denmark,DNK,1975,-12.5
Denmark,DNK,1976,-9.524
Denmark,DNK,1977,36.842
Denmark,DNK,1978,15.385
Denmark,DNK,1979,16.667
Denmark,DNK,1980,27.429
Denmark,DNK,1981,3.139
Denmark,DNK,1982,6.087
Denmark,DNK,1983,91.803
Denmark,DNK,1984,2.991
Denmark,DNK,1985,21.473
Denmark,DNK,1986,75.235
Denmark,DNK,1987,28.752
Denmark,DNK,1988,53.104
Denmark,DNK,1989,42.719
Denmark,DNK,1990,46.943
Denmark,DNK,1991,32.088
Denmark,DNK,1992,30.665
Denmark,DNK,1993,22.239
Denmark,DNK,1994,-2.609
Denmark,DNK,1995,6.394
Denmark,DNK,1996,12.085
Denmark,DNK,1997,40.935
Denmark,DNK,1998,34.013
Denmark,DNK,1999,11.553
Denmark,DNK,2000,27.24
Denmark,DNK,2001,4.239
Denmark,DNK,2002,15.376
Denmark,DNK,2003,18.205
Denmark,DNK,2004,17.144
Denmark,DNK,2005,2.401
Denmark,DNK,2006,-6.8
Denmark,DNK,2007,11.289
Denmark,DNK,2008,-2.648
Denmark,DNK,2009,-0.946
Denmark,DNK,2010,22.761
Denmark,DNK,2011,13.391
Denmark,DNK,2012,3.992
Denmark,DNK,2013,6.971
Denmark,DNK,2014,11.996
Denmark,DNK,2015,4.736
Denmark,DNK,2016,-3.204
Denmark,DNK,2017,18.043
Denmark,DNK,2018,-5.138
Denmark,DNK,2019,12.326
Ecuador,ECU,1966,14.458
Ecuador,ECU,1967,10.175
Ecuador,ECU,1968,4.459
Ecuador,ECU,1969,10.976
Ecuador,ECU,1970,11.264
Ecuador,ECU,1971,8.642
Ecuador,ECU,1972,1.136
Ecuador,ECU,1973,-2.247
Ecuador,ECU,1974,14.943
Ecuador,ECU,1975,25.6
Ecuador,ECU,1976,-3.662
Ecuador,ECU,1977,-7.769
Ecuador,ECU,1978,41.756
Ecuador,ECU,1979,-10.367
Ecuador,ECU,1980,22.99
Ecuador,ECU,1981,-10.665
Ecuador,ECU,1982,14.891
Ecuador,ECU,1983,92.291
Ecuador,ECU,1984,87.856
Ecuador,ECU,1985,1.423
Ecuador,ECU,1986,22.354
Ecuador,ECU,1987,13.908
Ecuador,ECU,1988,5.602
Ecuador,ECU,1989,2.652
Ecuador,ECU,1990,0.66
Ecuador,ECU,1991,1.789
Ecuador,ECU,1992,-2.016
Ecuador,ECU,1993,16.82
Ecuador,ECU,1994,12.997
Ecuador,ECU,1995,-21.396
Ecuador,ECU,1996,22.921
Ecuador,ECU,1997,3.007
Ecuador,ECU,1998,-0.43
Ecuador,ECU,1999,10.308
Ecuador,ECU,2000,6.054
Ecuador,ECU,2001,-7.706
Ecuador,ECU,2002,5.729
Ecuador,ECU,2003,-5.181
Ecuador,ECU,2004,2.608
Ecuador,ECU,2005,-6.388
Ecuador,ECU,2006,3.49
Ecuador,ECU,2007,26.453
Ecuador,ECU,2008,23.5
Ecuador,ECU,2009,-18.406
Ecuador,ECU,2010,-6.609
Ecuador,ECU,2011,27.826
Ecuador,ECU,2012,9.165
Ecuador,ECU,2013,-9.655
Ecuador,ECU,2014,4.274
Ecuador,ECU,2015,13.419
Ecuador,ECU,2016,19.871
Ecuador,ECU,2017,24.702
Ecuador,ECU,2018,2.277
Ecuador,ECU,2019,19.097
Egypt,EGY,1966,5.357
Egypt,EGY,1967,7.748
Egypt,EGY,1968,52.584
Egypt,EGY,1969,32.99
Egypt,EGY,1970,17.497
Egypt,EGY,1971,7.634
Egypt,EGY,1972,2.277
Egypt,EGY,1973,-0.171
Egypt,EGY,1974,18.696
Egypt,EGY,1975,11.055
Egypt,EGY,1976,17.827
Egypt,EGY,1977,12.921
Egypt,EGY,1978,9.878
Egypt,EGY,1979,-3.249
Egypt,EGY,1980,2.024
Egypt,EGY,1981,4.193
Egypt,EGY,1982,2.726
Egypt,EGY,1983,-6.445
Egypt,EGY,1984,-1.891
Egypt,EGY,1985,-5.004
Egypt,EGY,1986,-1.924
Egypt,EGY,1987,-0.028
Egypt,EGY,1988,-1.566
Egypt,EGY,1989,7.453
Egypt,EGY,1990,4.912
Egypt,EGY,1991,-0.372
Egypt,EGY,1992,-1.17
Egypt,EGY,1993,2.985
Egypt,EGY,1994,6.297
Egypt,EGY,1995,4.325
Egypt,EGY,1996,2.609
Egypt,EGY,1997,2.499
Egypt,EGY,1998,2.833
Egypt,EGY,1999,11.136
Egypt,EGY,2000,5.993
Egypt,EGY,2001,1.683
Egypt,EGY,2002,-3.269
Egypt,EGY,2003,-7.508
Egypt,EGY,2004,0.194
Egypt,EGY,2005,-1.985
Egypt,EGY,2006,1.15
Egypt,EGY,2007,10.437
Egypt,EGY,2008,7.033
Egypt,EGY,2009,-8.154
Egypt,EGY,2010,-3.452
Egypt,EGY,2011,1.743
Egypt,EGY,2012,0.329
Egypt,EGY,2013,-0.799
Egypt,EGY,2014,-1.16
Egypt,EGY,2015,5.235
Egypt,EGY,2016,2.672
Egypt,EGY,2017,-2.435
Egypt,EGY,2018,6.148
Egypt,EGY,2019,17.04
Estonia,EST,1996,-16.667
Estonia,EST,1997,60
Estonia,EST,1998,50
Estonia,EST,1999,33.333
Estonia,EST,2000,12.5
Estonia,EST,2001,-0.649
Estonia,EST,2002,89.878
Estonia,EST,2003,30.264
Estonia,EST,2004,33.512
Estonia,EST,2005,78.566
Estonia,EST,2006,17.074
Estonia,EST,2007,15.408
Estonia,EST,2008,32.727
Estonia,EST,2009,170.231
Estonia,EST,2010,92.142
Estonia,EST,2011,12.226
Estonia,EST,2012,24.31
Estonia,EST,2013,-17.686
Estonia,EST,2014,11.621
Estonia,EST,2015,10.49
Estonia,EST,2016,-0.781
Estonia,EST,2017,59.517
Estonia,EST,2018,-22.174
Estonia,EST,2019,1.661
Europe,,1966,9.105
Europe,,1967,1.231
Europe,,1968,4.52
Europe,,1969,0.655
Europe,,1970,5.366
Europe,,1971,2.49
Europe,,1972,7.557
Europe,,1973,2.939
Europe,,1974,9.606
Europe,,1975,7.677
Europe,,1976,-2.116
Europe,,1977,20.171
Europe,,1978,3.169
Europe,,1979,6.944
Europe,,1980,2.991
Europe,,1981,12.488
Europe,,1982,3.451
Europe,,1983,9.351
Europe,,1984,13.04
Europe,,1985,18.096
Europe,,1986,2.36
Europe,,1987,5.93
Europe,,1988,8.861
Europe,,1989,-2.312
Europe,,1990,1.574
Europe,,1991,2.458
Europe,,1992,1.707
Europe,,1993,4.086
Europe,,1994,0.023
Europe,,1995,2.355
Europe,,1996,2.543
Europe,,1997,2.346
Europe,,1998,1.566
Europe,,1999,0.96
Europe,,2000,2.443
Europe,,2001,1.366
Europe,,2002,-1.669
Europe,,2003,-1.104
Europe,,2004,4.278
Europe,,2005,0.307
Europe,,2006,0.415
Europe,,2007,-1.039
Europe,,2008,3.099
Europe,,2009,-1.364
Europe,,2010,6.667
Europe,,2011,-1.495
Europe,,2012,4.522
Europe,,2013,2.952
Europe,,2014,0.904
Europe,,2015,1.443
Europe,,2016,-0.422
Europe,,2017,-0.083
Europe,,2018,4.019
Europe,,2019,2.105
Finland,FIN,1966,10.983
Finland,FIN,1967,12.027
Finland,FIN,1968,-9.806
Finland,FIN,1969,-16.622
Finland,FIN,1970,8.905
Finland,FIN,1971,12.143
Finland,FIN,1972,-2.818
Finland,FIN,1973,1.927
Finland,FIN,1974,20.069
Finland,FIN,1975,-3.888
Finland,FIN,1976,-22.338
Finland,FIN,1977,56.341
Finland,FIN,1978,-12.034
Finland,FIN,1979,34.704
Finland,FIN,1980,-2.133
Finland,FIN,1981,64.144
Finland,FIN,1982,5.423
Finland,FIN,1983,4.806
Finland,FIN,1984,2.584
Finland,FIN,1985,-2.259
Finland,FIN,1986,0.238
Finland,FIN,1987,6.288
Finland,FIN,1988,-1.576
Finland,FIN,1989,-2.417
Finland,FIN,1990,9.726
Finland,FIN,1991,7.05
Finland,FIN,1992,4.294
Finland,FIN,1993,0.099
Finland,FIN,1994,-4.285
Finland,FIN,1995,2.859
Finland,FIN,1996,-3.195
Finland,FIN,1997,9.48
Finland,FIN,1998,13.277
Finland,FIN,1999,-4.433
Finland,FIN,2000,3.765
Finland,FIN,2001,-3.976
Finland,FIN,2002,-5.531
Finland,FIN,2003,-1.391
Finland,FIN,2004,14.904
Finland,FIN,2005,-4.207
Finland,FIN,2006,-3.27
Finland,FIN,2007,4.701
Finland,FIN,2008,6.309
Finland,FIN,2009,-10.698
Finland,FIN,2010,3.006
Finland,FIN,2011,0.633
Finland,FIN,2012,7.927
Finland,FIN,2013,-4.729
Finland,FIN,2014,2.765
Finland,FIN,2015,6.826
Finland,FIN,2016,-3.112
Finland,FIN,2017,0.663
Finland,FIN,2018,-1.465
Finland,FIN,2019,0.404
France,FRA,1966,13.009
France,FRA,1967,-10.992
France,FRA,1968,13.265
France,FRA,1969,5.834
France,FRA,1970,10.682
France,FRA,1971,-6.564
France,FRA,1972,8.997
France,FRA,1973,-1.448
France,FRA,1974,13.313
France,FRA,1975,10.004
France,FRA,1976,-17.671
France,FRA,1977,45.623
France,FRA,1978,4.801
France,FRA,1979,7.615
France,FRA,1980,22.608
France,FRA,1981,35.361
France,FRA,1982,1.122
France,FRA,1983,18.916
France,FRA,1984,20.107
France,FRA,1985,11.471
France,FRA,1986,10.625
France,FRA,1987,6.125
France,FRA,1988,4.744
France,FRA,1989,-0.507
France,FRA,1990,4.891
France,FRA,1991,5.728
France,FRA,1992,4.736
France,FRA,1993,6.259
France,FRA,1994,1.411
France,FRA,1995,2.714
France,FRA,1996,2.966
France,FRA,1997,-0.769
France,FRA,1998,-2.018
France,FRA,1999,3.732
France,FRA,2000,3.213
France,FRA,2001,2.27
France,FRA,2002,-0.203
France,FRA,2003,-0.038
France,FRA,2004,0.972
France,FRA,2005,-1.272
France,FRA,2006,0.388
France,FRA,2007,-1.356
France,FRA,2008,1.613
France,FRA,2009,-6.91
France,FRA,2010,4.897
France,FRA,2011,-0.609
France,FRA,2012,-0.095
France,FRA,2013,1.777
France,FRA,2014,1.032
France,FRA,2015,-0.827
France,FRA,2016,-5.424
France,FRA,2017,-2.756
France,FRA,2018,6.455
France,FRA,2019,-2.441
Germany,DEU,1966,9.001
Germany,DEU,1967,0.44
Germany,DEU,1968,4.406
Germany,DEU,1969,-0.078
Germany,DEU,1970,33.764
Germany,DEU,1971,-17.138
Germany,DEU,1972,14.872
Germany,DEU,1973,19.548
Germany,DEU,1974,16.855
Germany,DEU,1975,27.578
Germany,DEU,1976,5.519
Germany,DEU,1977,34.543
Germany,DEU,1978,5.774
Germany,DEU,1979,13.12
Germany,DEU,1980,6.584
Germany,DEU,1981,13.87
Germany,DEU,1982,9.984
Germany,DEU,1983,2.451
Germany,DEU,1984,26.572
Germany,DEU,1985,26.717
Germany,DEU,1986,-4.457
Germany,DEU,1987,8.535
Germany,DEU,1988,9.191
Germany,DEU,1989,1.761
Germany,DEU,1990,-5.695
Germany,DEU,1991,-3.805
Germany,DEU,1992,8.778
Germany,DEU,1993,-2.551
Germany,DEU,1994,-0.244
Germany,DEU,1995,2.876
Germany,DEU,1996,3.053
Germany,DEU,1997,5.462
Germany,DEU,1998,-3.14
Germany,DEU,1999,6.126
Germany,DEU,2000,4.687
Germany,DEU,2001,0.273
Germany,DEU,2002,-0.217
Germany,DEU,2003,-0.145
Germany,DEU,2004,5.91
Germany,DEU,2005,1.679
Germany,DEU,2006,7.039
Germany,DEU,2007,-3.966
Germany,DEU,2008,4.132
Germany,DEU,2009,-5.264
Germany,DEU,2010,5.854
Germany,DEU,2011,-5.67
Germany,DEU,2012,4.161
Germany,DEU,2013,1.5
Germany,DEU,2014,3.461
Germany,DEU,2015,6.758
Germany,DEU,2016,-2.684
Germany,DEU,2017,5.876
Germany,DEU,2018,2.252
Germany,DEU,2019,5.553
Greece,GRC,1966,115.98
Greece,GRC,1967,-4.046
Greece,GRC,1968,-17.59
Greece,GRC,1969,50.219
Greece,GRC,1970,28.273
Greece,GRC,1971,0.607
Greece,GRC,1972,0.943
Greece,GRC,1973,-16.959
Greece,GRC,1974,5.578
Greece,GRC,1975,-14.146
Greece,GRC,1976,-6.749
Greece,GRC,1977,2.288
Greece,GRC,1978,55.463
Greece,GRC,1979,19.344
Greece,GRC,1980,-4.515
Greece,GRC,1981,0.059
Greece,GRC,1982,4.52
Greece,GRC,1983,-34.288
Greece,GRC,1984,22.308
Greece,GRC,1985,-1.992
Greece,GRC,1986,15.33
Greece,GRC,1987,-14.034
Greece,GRC,1988,-14.887
Greece,GRC,1989,-19.687
Greece,GRC,1990,-6.839
Greece,GRC,1991,75.099
Greece,GRC,1992,-28.668
Greece,GRC,1993,5.335
Greece,GRC,1994,13.176
Greece,GRC,1995,35.154
Greece,GRC,1996,23.008
Greece,GRC,1997,-10.607
Greece,GRC,1998,-3.292
Greece,GRC,1999,25.462
Greece,GRC,2000,-12.85
Greece,GRC,2001,-29.707
Greece,GRC,2002,21.212
Greece,GRC,2003,63.663
Greece,GRC,2004,-0.215
Greece,GRC,2005,7.579
Greece,GRC,2006,19.118
Greece,GRC,2007,-40.548
Greece,GRC,2008,24.386
Greece,GRC,2009,41.469
Greece,GRC,2010,27.764
Greece,GRC,2011,-23.082
Greece,GRC,2012,23.904
Greece,GRC,2013,40.504
Greece,GRC,2014,-15.645
Greece,GRC,2015,21.225
Greece,GRC,2016,-0.304
Greece,GRC,2017,-7.877
Greece,GRC,2018,16.325
Greece,GRC,2019,-3.971
Hong Kong,HKG,2007,23.861
Hong Kong,HKG,2008,-7.285
Hong Kong,HKG,2009,35.342
Hong Kong,HKG,2010,8345.716
Hong Kong,HKG,2011,-15.33
Hong Kong,HKG,2012,13.571
Hong Kong,HKG,2013,2.723
Hong Kong,HKG,2014,11.097
Hong Kong,HKG,2015,-2.641
Hong Kong,HKG,2016,-0.949
Hong Kong,HKG,2017,6.297
Hong Kong,HKG,2018,-8.696
Hong Kong,HKG,2019,10.366
Hungary,HUN,1966,33.333
Hungary,HUN,1967,-18
Hungary,HUN,1968,8.537
Hungary,HUN,1969,6.742
Hungary,HUN,1970,-7.368
Hungary,HUN,1971,9.091
Hungary,HUN,1972,14.583
Hungary,HUN,1973,-8.182
Hungary,HUN,1974,-19.802
Hungary,HUN,1975,101.235
Hungary,HUN,1976,1.227
Hungary,HUN,1977,-9.697
Hungary,HUN,1978,-7.383
Hungary,HUN,1979,5.797
Hungary,HUN,1980,-23.288
Hungary,HUN,1981,50
Hungary,HUN,1982,-5.357
Hungary,HUN,1983,1552.83
Hungary,HUN,1984,50.19
Hungary,HUN,1985,68.102
Hungary,HUN,1986,14.213
Hungary,HUN,1987,47.202
Hungary,HUN,1988,22.044
Hungary,HUN,1989,3.195
Hungary,HUN,1990,-0.876
Hungary,HUN,1991,0.129
Hungary,HUN,1992,1.606
Hungary,HUN,1993,-1.179
Hungary,HUN,1994,1.814
Hungary,HUN,1995,-0.07
Hungary,HUN,1996,1.348
Hungary,HUN,1997,-1.385
Hungary,HUN,1998,-0.513
Hungary,HUN,1999,1.257
Hungary,HUN,2000,0.565
Hungary,HUN,2001,-0.925
Hungary,HUN,2002,-1.978
Hungary,HUN,2003,-20.534
Hungary,HUN,2004,12.513
Hungary,HUN,2005,21.427
Hungary,HUN,2006,-5.375
Hungary,HUN,2007,10.047
Hungary,HUN,2008,3.07
Hungary,HUN,2009,6.014
Hungary,HUN,2010,1.844
Hungary,HUN,2011,-2.627
Hungary,HUN,2012,-0.351
Hungary,HUN,2013,-2.126
Hungary,HUN,2014,2.914
Hungary,HUN,2015,0.802
Hungary,HUN,2016,0.704
Hungary,HUN,2017,0.785
Hungary,HUN,2018,-1.116
Hungary,HUN,2019,6.236
Iceland,ISL,1966,-2.622
Iceland,ISL,1967,6.507
Iceland,ISL,1968,3.371
Iceland,ISL,1969,25.492
Iceland,ISL,1970,65.311
Iceland,ISL,1971,8.887
Iceland,ISL,1972,11.126
Iceland,ISL,1973,27.892
Iceland,ISL,1974,2.664
Iceland,ISL,1975,-1.767
Iceland,ISL,1976,6.5
Iceland,ISL,1977,7.064
Iceland,ISL,1978,3.449
Iceland,ISL,1979,9.204
Iceland,ISL,1980,8.138
Iceland,ISL,1981,3.543
Iceland,ISL,1982,11.174
Iceland,ISL,1983,5.427
Iceland,ISL,1984,4.03
Iceland,ISL,1985,-1.969
Iceland,ISL,1986,5.738
Iceland,ISL,1987,2.319
Iceland,ISL,1988,6.303
Iceland,ISL,1989,1.386
Iceland,ISL,1990,-0.763
Iceland,ISL,1991,-0.358
Iceland,ISL,1992,2.564
Iceland,ISL,1993,3.996
Iceland,ISL,1994,1.111
Iceland,ISL,1995,4.147
Iceland,ISL,1996,2.821
Iceland,ISL,1997,9.185
Iceland,ISL,1998,12.447
Iceland,ISL,1999,14.506
Iceland,ISL,2000,6.905
Iceland,ISL,2001,3.886
Iceland,ISL,2002,4.031
Iceland,ISL,2003,0.375
Iceland,ISL,2004,0.853
Iceland,ISL,2005,0.06
Iceland,ISL,2006,13.66
Iceland,ISL,2007,19.936
Iceland,ISL,2008,36.651
Iceland,ISL,2009,1.598
Iceland,ISL,2010,0.715
Iceland,ISL,2011,0.27
Iceland,ISL,2012,1.345
Iceland,ISL,2013,2.611
Iceland,ISL,2014,-0.563
Iceland,ISL,2015,3.107
Iceland,ISL,2016,-1.906
Iceland,ISL,2017,3.112
Iceland,ISL,2018,2.467
Iceland,ISL,2019,-2.096
India,IND,1966,4.427
India,IND,1967,11.901
India,IND,1968,15.41
India,IND,1969,13.831
India,IND,1970,7.885
India,IND,1971,8.228
India,IND,1972,-2.997
India,IND,1973,9.402
India,IND,1974,-4
India,IND,1975,19.457
India,IND,1976,5.602
India,IND,1977,6.736
India,IND,1978,23.997
India,IND,1979,-3.29
India,IND,1980,2.432
India,IND,1981,6.321
India,IND,1982,-15.488
India,IND,1983,-1.725
India,IND,1984,12.916
India,IND,1985,-2.427
India,IND,1986,2.252
India,IND,1987,-5.74
India,IND,1988,11.805
India,IND,1989,11.039
India,IND,1990,8.114
India,IND,1991,9.169
India,IND,1992,-3.606
India,IND,1993,0.827
India,IND,1994,10.895
India,IND,1995,-1.321
India,IND,1996,-6.498
India,IND,1997,3.994
India,IND,1998,18.385
India,IND,1999,0.754
India,IND,2000,-2.016
India,IND,2001,-1.621
India,IND,2002,-3.723
India,IND,2003,0.054
India,IND,2004,39.686
India,IND,2005,-4.616
India,IND,2006,15.237
India,IND,2007,9.23
India,IND,2008,-3.968
India,IND,2009,-2.664
India,IND,2010,8.921
India,IND,2011,23.634
India,IND,2012,-4.236
India,IND,2013,10.843
India,IND,2014,6.345
India,IND,2015,-0.51
India,IND,2016,3.47
India,IND,2017,9.9
India,IND,2018,10.027
India,IND,2019,12.965
Indonesia,IDN,1966,30.024
Indonesia,IDN,1967,12.291
Indonesia,IDN,1968,23.549
Indonesia,IDN,1969,4.564
Indonesia,IDN,1970,21.566
Indonesia,IDN,1971,-67.054
Indonesia,IDN,1972,-10.577
Indonesia,IDN,1973,26.165
Indonesia,IDN,1974,10.795
Indonesia,IDN,1975,4.872
Indonesia,IDN,1976,-41.32
Indonesia,IDN,1977,66.25
Indonesia,IDN,1978,-28.571
Indonesia,IDN,1979,11.228
Indonesia,IDN,1980,-9.464
Indonesia,IDN,1981,-0.348
Indonesia,IDN,1982,9.091
Indonesia,IDN,1983,50.321
Indonesia,IDN,1984,9.168
Indonesia,IDN,1985,22.266
Indonesia,IDN,1986,61.022
Indonesia,IDN,1987,2.877
Indonesia,IDN,1988,9.836
Indonesia,IDN,1989,24.759
Indonesia,IDN,1990,21.336
Indonesia,IDN,1991,11.034
Indonesia,IDN,1992,26.837
Indonesia,IDN,1993,-6.972
Indonesia,IDN,1994,-3.969
Indonesia,IDN,1995,9.584
Indonesia,IDN,1996,6.297
Indonesia,IDN,1997,-23.043
Indonesia,IDN,1998,58.832
Indonesia,IDN,1999,4.912
Indonesia,IDN,2000,3.966
Indonesia,IDN,2001,18.043
Indonesia,IDN,2002,-9.145
Indonesia,IDN,2003,-5.404
Indonesia,IDN,2004,5.419
Indonesia,IDN,2005,5.451
Indonesia,IDN,2006,-6.566
Indonesia,IDN,2007,12.638
Indonesia,IDN,2008,7.595
Indonesia,IDN,2009,6.442
Indonesia,IDN,2010,28.225
Indonesia,IDN,2011,-16.7
Indonesia,IDN,2012,6.092
Indonesia,IDN,2013,21.279
Indonesia,IDN,2014,5.262
Indonesia,IDN,2015,-14.941
Indonesia,IDN,2016,47.567
Indonesia,IDN,2017,0.724
Indonesia,IDN,2018,9.216
Indonesia,IDN,2019,34.246
Iran,IRN,1966,7.455
Iran,IRN,1967,7.656
Iran,IRN,1968,7.556
Iran,IRN,1969,7.645
Iran,IRN,1970,7.678
Iran,IRN,1971,7.487
Iran,IRN,1972,31.343
Iran,IRN,1973,-15.278
Iran,IRN,1974,10.134
Iran,IRN,1975,5.007
Iran,IRN,1976,11.856
Iran,IRN,1977,3.341
Iran,IRN,1978,56.633
Iran,IRN,1979,-13.31
Iran,IRN,1980,3.695
Iran,IRN,1981,9.184
Iran,IRN,1982,4.931
Iran,IRN,1983,-2.142
Iran,IRN,1984,-6.497
Iran,IRN,1985,0.815
Iran,IRN,1986,19.512
Iran,IRN,1987,10.865
Iran,IRN,1988,5.502
Iran,IRN,1989,-18.36
Iran,IRN,1990,9.641
Iran,IRN,1991,-24.035
Iran,IRN,1992,64.152
Iran,IRN,1993,14.439
Iran,IRN,1994,-34.53
Iran,IRN,1995,20.693
Iran,IRN,1996,5.899
Iran,IRN,1997,-32.596
Iran,IRN,1998,26.039
Iran,IRN,1999,-30.849
Iran,IRN,2000,-26.275
Iran,IRN,2001,8.152
Iran,IRN,2002,92.276
Iran,IRN,2003,18.796
Iran,IRN,2004,23.788
Iran,IRN,2005,20.433
Iran,IRN,2006,27.539
Iran,IRN,2007,-3.475
Iran,IRN,2008,-58.085
Iran,IRN,2009,-9.506
Iran,IRN,2010,49.723
Iran,IRN,2011,4.701
Iran,IRN,2012,28.011
Iran,IRN,2013,34.17
Iran,IRN,2014,-2.094
Iran,IRN,2015,-10.226
Iran,IRN,2016,29.291
Iran,IRN,2017,10.251
Iran,IRN,2018,-24.173
Iran,IRN,2019,90.718
Iraq,IRQ,1966,31.25
Iraq,IRQ,1967,14.286
Iraq,IRQ,1968,20.833
Iraq,IRQ,1969,10.345
Iraq,IRQ,1970,21.875
Iraq,IRQ,1971,16.038
Iraq,IRQ,1972,0
Iraq,IRQ,1973,45
Iraq,IRQ,1974,37.931
Iraq,IRQ,1975,15.25
Iraq,IRQ,1976,-0.434
Iraq,IRQ,1977,23.312
Iraq,IRQ,1978,25.088
Iraq,IRQ,1979,45.763
Iraq,IRQ,1980,-33.14
Iraq,IRQ,1981,-11.594
Iraq,IRQ,1982,-1.639
Iraq,IRQ,1983,0
Iraq,IRQ,1984,1.667
Iraq,IRQ,1985,0
Iraq,IRQ,1986,-1.639
Iraq,IRQ,1987,333.333
Iraq,IRQ,1988,0
Iraq,IRQ,1989,0
Iraq,IRQ,1990,78.856
Iraq,IRQ,1991,-53.87
Iraq,IRQ,1992,143.292
Iraq,IRQ,1993,18.062
Iraq,IRQ,1994,1.396
Iraq,IRQ,1995,13.956
Iraq,IRQ,1996,-8.853
Iraq,IRQ,1997,1.829
Iraq,IRQ,1998,-6.212
Iraq,IRQ,1999,-42.573
Iraq,IRQ,2000,-10.185
Iraq,IRQ,2001,15.028
Iraq,IRQ,2002,22.416
Iraq,IRQ,2003,3.627
Iraq,IRQ,2004,20.131
Iraq,IRQ,2005,-15.428
Iraq,IRQ,2006,1.339
Iraq,IRQ,2007,-9.077
Iraq,IRQ,2008,-36.189
Iraq,IRQ,2009,-4.069
Iraq,IRQ,2010,26.948
Iraq,IRQ,2011,-6.536
Iraq,IRQ,2012,28.556
Iraq,IRQ,2013,5.233
Iraq,IRQ,2014,-38.235
Iraq,IRQ,2015,-10.529
Iraq,IRQ,2016,30.913
Iraq,IRQ,2017,-35.242
Iraq,IRQ,2018,-16.537
Iraq,IRQ,2019,34.706
Ireland,IRL,1966,-9.877
Ireland,IRL,1967,-5.479
Ireland,IRL,1968,-4.348
Ireland,IRL,1969,-24.242
Ireland,IRL,1970,38
Ireland,IRL,1971,-42.029
Ireland,IRL,1972,47.5
Ireland,IRL,1973,-6.78
Ireland,IRL,1974,23.636
Ireland,IRL,1975,-33.824
Ireland,IRL,1976,13.333
Ireland,IRL,1977,25.49
Ireland,IRL,1978,-6.25
Ireland,IRL,1979,18.333
Ireland,IRL,1980,1.408
Ireland,IRL,1981,2.778
Ireland,IRL,1982,-6.757
Ireland,IRL,1983,-2.899
Ireland,IRL,1984,-11.94
Ireland,IRL,1985,22.034
Ireland,IRL,1986,9.722
Ireland,IRL,1987,-25.316
Ireland,IRL,1988,27.119
Ireland,IRL,1989,-20
Ireland,IRL,1990,-0.115
Ireland,IRL,1991,7.03
Ireland,IRL,1992,10.188
Ireland,IRL,1993,-5.109
Ireland,IRL,1994,20.385
Ireland,IRL,1995,-22.364
Ireland,IRL,1996,4.665
Ireland,IRL,1997,6.031
Ireland,IRL,1998,44.624
Ireland,IRL,1999,-3.931
Ireland,IRL,2000,5.428
Ireland,IRL,2001,-13.894
Ireland,IRL,2002,33.6
Ireland,IRL,2003,-18.122
Ireland,IRL,2004,21.717
Ireland,IRL,2005,33.545
Ireland,IRL,2006,31.267
Ireland,IRL,2007,12.234
Ireland,IRL,2008,27.548
Ireland,IRL,2009,13.831
Ireland,IRL,2010,-9.788
Ireland,IRL,2011,44.543
Ireland,IRL,2012,-3.738
Ireland,IRL,2013,6.397
Ireland,IRL,2014,12.894
Ireland,IRL,2015,22.31
Ireland,IRL,2016,-4.92
Ireland,IRL,2017,17.407
Ireland,IRL,2018,14.171
Ireland,IRL,2019,12.343
Israel,ISR,1982,0
Israel,ISR,1983,-50
Israel,ISR,1984,100
Israel,ISR,1985,0
Israel,ISR,1986,200
Israel,ISR,1987,66.667
Israel,ISR,1988,0
Israel,ISR,1989,-70
Israel,ISR,1990,0
Israel,ISR,1991,100
Israel,ISR,1992,383.333
Israel,ISR,1993,-10.345
Israel,ISR,1994,-11.538
Israel,ISR,1995,8.696
Israel,ISR,1996,-4
Israel,ISR,1997,4.167
Israel,ISR,1998,0
Israel,ISR,1999,32
Israel,ISR,2000,-6.061
Israel,ISR,2001,-35.903
Israel,ISR,2002,58.968
Israel,ISR,2003,33.513
Israel,ISR,2004,-9.88
Israel,ISR,2005,-0.633
Israel,ISR,2006,-36.3
Israel,ISR,2007,-4.6
Israel,ISR,2008,32.505
Israel,ISR,2009,207.465
Israel,ISR,2010,70.664
Israel,ISR,2011,75.979
Israel,ISR,2012,59.823
Israel,ISR,2013,17.223
Israel,ISR,2014,60.404
Israel,ISR,2015,35.925
Israel,ISR,2016,34.389
Israel,ISR,2017,-1.295
Israel,ISR,2018,3.62
Israel,ISR,2019,64.406
Italy,ITA,1966,4.33
Italy,ITA,1967,-3.862
Italy,ITA,1968,-0.198
Italy,ITA,1969,-4.528
Italy,ITA,1970,2.4
Italy,ITA,1971,-2.353
Italy,ITA,1972,4.561
Italy,ITA,1973,-8.755
Italy,ITA,1974,2.112
Italy,ITA,1975,7.386
Italy,ITA,1976,-4.122
Italy,ITA,1977,24.488
Italy,ITA,1978,-7.766
Italy,ITA,1979,-2.475
Italy,ITA,1980,-1.885
Italy,ITA,1981,-4.283
Italy,ITA,1982,5.235
Italy,ITA,1983,-2.25
Italy,ITA,1984,4.226
Italy,ITA,1985,-2.714
Italy,ITA,1986,3.949
Italy,ITA,1987,-18.711
Italy,ITA,1988,2.515
Italy,ITA,1989,-16.204
Italy,ITA,1990,-6.321
Italy,ITA,1991,30.473
Italy,ITA,1992,0.501
Italy,ITA,1993,-1.189
Italy,ITA,1994,6.671
Italy,ITA,1995,-14.059
Italy,ITA,1996,11.491
Italy,ITA,1997,-0.034
Italy,ITA,1998,0.587
Italy,ITA,1999,10.409
Italy,ITA,2000,-0.848
Italy,ITA,2001,6.12
Italy,ITA,2002,-11.671
Italy,ITA,2003,-3.623
Italy,ITA,2004,16.372
Italy,ITA,2005,-11.008
Italy,ITA,2006,4.005
Italy,ITA,2007,-6.401
Italy,ITA,2008,25.506
Italy,ITA,2009,20.469
Italy,ITA,2010,11.291
Italy,ITA,2011,6.518
Italy,ITA,2012,10.564
Italy,ITA,2013,18.192
Italy,ITA,2014,6.028
Italy,ITA,2015,-10.101
Italy,ITA,2016,-1.704
Italy,ITA,2017,-4.133
Italy,ITA,2018,9.338
Italy,ITA,2019,-2.599
Japan,JPN,1966,5.045
Japan,JPN,1967,-13.455
Japan,JPN,1968,7.683
Japan,JPN,1969,2.602
Japan,JPN,1970,4.961
Japan,JPN,1971,15.235
Japan,JPN,1972,2.578
Japan,JPN,1973,-19.076
Japan,JPN,1974,33.813
Japan,JPN,1975,6.06
Japan,JPN,1976,8.38
Japan,JPN,1977,-10.908
Japan,JPN,1978,23.799
Japan,JPN,1979,16.936
Japan,JPN,1980,12.966
Japan,JPN,1981,2.661
Japan,JPN,1982,9.831
Japan,JPN,1983,8.09
Japan,JPN,1984,4.011
Japan,JPN,1985,17.042
Japan,JPN,1986,1.896
Japan,JPN,1987,6.999
Japan,JPN,1988,0.715
Japan,JPN,1989,5.15
Japan,JPN,1990,-0.609
Japan,JPN,1991,7.498
Japan,JPN,1992,-1.849
Japan,JPN,1993,13.893
Japan,JPN,1994,-4.448
Japan,JPN,1995,13.029
Japan,JPN,1996,2.358
Japan,JPN,1997,9.037
Japan,JPN,1998,1.708
Japan,JPN,1999,-3.154
Japan,JPN,2000,0.571
Japan,JPN,2001,-0.956
Japan,JPN,2002,-2.057
Japan,JPN,2003,-17.652
Japan,JPN,2004,15.648
Japan,JPN,2005,-1.25
Japan,JPN,2006,5.128
Japan,JPN,2007,-9.64
Japan,JPN,2008,-7.675
Japan,JPN,2009,4.489
Japan,JPN,2010,9.722
Japan,JPN,2011,-33.089
Japan,JPN,2012,-53.499
Japan,JPN,2013,3.88
Japan,JPN,2014,-1.522
Japan,JPN,2015,17.697
Japan,JPN,2016,0.205
Japan,JPN,2017,18.299
Japan,JPN,2018,18.604
Japan,JPN,2019,14.495
Kazakhstan,KAZ,1986,-8.227
Kazakhstan,KAZ,1987,19.871
Kazakhstan,KAZ,1988,21.974
Kazakhstan,KAZ,1989,5.752
Kazakhstan,KAZ,1990,-0.374
Kazakhstan,KAZ,1991,5.066
Kazakhstan,KAZ,1992,-5.286
Kazakhstan,KAZ,1993,10.168
Kazakhstan,KAZ,1994,18.373
Kazakhstan,KAZ,1995,-12.015
Kazakhstan,KAZ,1996,-11.785
Kazakhstan,KAZ,1997,-8.355
Kazakhstan,KAZ,1998,-8.385
Kazakhstan,KAZ,1999,-1.563
Kazakhstan,KAZ,2000,22.816
Kazakhstan,KAZ,2001,6.607
Kazakhstan,KAZ,2002,9.294
Kazakhstan,KAZ,2003,-3.603
Kazakhstan,KAZ,2004,-7.179
Kazakhstan,KAZ,2005,-3.108
Kazakhstan,KAZ,2006,-1.741
Kazakhstan,KAZ,2007,4.535
Kazakhstan,KAZ,2008,-9.275
Kazakhstan,KAZ,2009,-8.354
Kazakhstan,KAZ,2010,15.899
Kazakhstan,KAZ,2011,-2.326
Kazakhstan,KAZ,2012,-3.676
Kazakhstan,KAZ,2013,0.648
Kazakhstan,KAZ,2014,6.356
Kazakhstan,KAZ,2015,13.458
Kazakhstan,KAZ,2016,26.118
Kazakhstan,KAZ,2017,-3.419
Kazakhstan,KAZ,2018,-6.897
Kazakhstan,KAZ,2019,-1.529
Kuwait,KWT,2014,1690.315
Kuwait,KWT,2015,54.353
Kuwait,KWT,2016,853.343
Kuwait,KWT,2017,35.092
Kuwait,KWT,2018,24.693
Kuwait,KWT,2019,91.442
Latvia,LVA,1986,0.742
Latvia,LVA,1987,23.27
Latvia,LVA,1988,-18.877
Latvia,LVA,1989,20.177
Latvia,LVA,1990,24.673
Latvia,LVA,1991,-27.157
Latvia,LVA,1992,-23.023
Latvia,LVA,1993,14.082
Latvia,LVA,1994,14.917
Latvia,LVA,1995,-11.135
Latvia,LVA,1996,-36.636
Latvia,LVA,1997,58.786
Latvia,LVA,1998,46.125
Latvia,LVA,1999,-36.105
Latvia,LVA,2000,2.356
Latvia,LVA,2001,-0.122
Latvia,LVA,2002,-13.034
Latvia,LVA,2003,-6.519
Latvia,LVA,2004,35.827
Latvia,LVA,2005,6.176
Latvia,LVA,2006,-18.903
Latvia,LVA,2007,0.837
Latvia,LVA,2008,12.873
Latvia,LVA,2009,9.934
Latvia,LVA,2010,1.68
Latvia,LVA,2011,-15.834
Latvia,LVA,2012,32.265
Latvia,LVA,2013,-14.264
Latvia,LVA,2014,-22.233
Latvia,LVA,2015,0.124
Latvia,LVA,2016,24.336
Latvia,LVA,2017,55.915
Latvia,LVA,2018,-36.318
Latvia,LVA,2019,-7.752
Lithuania,LTU,1986,3.984
Lithuania,LTU,1987,-7.017
Lithuania,LTU,1988,38.241
Lithuania,LTU,1989,29.102
Lithuania,LTU,1990,2.408
Lithuania,LTU,1991,-0.625
Lithuania,LTU,1992,-13.779
Lithuania,LTU,1993,-15.359
Lithuania,LTU,1994,-35.525
Lithuania,LTU,1995,49.485
Lithuania,LTU,1996,16.999
Lithuania,LTU,1997,-13.66
Lithuania,LTU,1998,13.41
Lithuania,LTU,1999,-26.448
Lithuania,LTU,2000,-14.769
Lithuania,LTU,2001,32.601
Lithuania,LTU,2002,23.236
Lithuania,LTU,2003,8.383
Lithuania,LTU,2004,-2.439
Lithuania,LTU,2005,-30.913
Lithuania,LTU,2006,-16.368
Lithuania,LTU,2007,13.883
Lithuania,LTU,2008,0.162
Lithuania,LTU,2009,9.239
Lithuania,LTU,2010,-92.152
Lithuania,LTU,2011,21.319
Lithuania,LTU,2012,5.713
Lithuania,LTU,2013,28.224
Lithuania,LTU,2014,-1.615
Lithuania,LTU,2015,10.569
Lithuania,LTU,2016,23.608
Lithuania,LTU,2017,20.721
Lithuania,LTU,2018,-15.923
Lithuania,LTU,2019,13.287
Luxembourg,LUX,1966,-10.014
Luxembourg,LUX,1967,12.858
Luxembourg,LUX,1968,2.137
Luxembourg,LUX,1969,-12.981
Luxembourg,LUX,1970,10.535
Luxembourg,LUX,1971,-43.478
Luxembourg,LUX,1972,17.919
Luxembourg,LUX,1973,-11.71
Luxembourg,LUX,1974,47.713
Luxembourg,LUX,1975,-13.603
Luxembourg,LUX,1976,-36.993
Luxembourg,LUX,1977,124.604
Luxembourg,LUX,1978,-1.986
Luxembourg,LUX,1979,8.742
Luxembourg,LUX,1980,3.672
Luxembourg,LUX,1981,8.85
Luxembourg,LUX,1982,-9.376
Luxembourg,LUX,1983,-2.14
Luxembourg,LUX,1984,7.341
Luxembourg,LUX,1985,-16.488
Luxembourg,LUX,1986,17.669
Luxembourg,LUX,1987,18.421
Luxembourg,LUX,1988,-5.825
Luxembourg,LUX,1989,-22.533
Luxembourg,LUX,1990,-7.364
Luxembourg,LUX,1991,18.752
Luxembourg,LUX,1992,-16.541
Luxembourg,LUX,1993,-0.071
Luxembourg,LUX,1994,23.703
Luxembourg,LUX,1995,6.344
Luxembourg,LUX,1996,-29.811
Luxembourg,LUX,1997,36.411
Luxembourg,LUX,1998,39.01
Luxembourg,LUX,1999,-14.831
Luxembourg,LUX,2000,40.04
Luxembourg,LUX,2001,-2.366
Luxembourg,LUX,2002,-10.366
Luxembourg,LUX,2003,-7.304
Luxembourg,LUX,2004,37.445
Luxembourg,LUX,2005,6.401
Luxembourg,LUX,2006,16.758
Luxembourg,LUX,2007,7.033
Luxembourg,LUX,2008,6.075
Luxembourg,LUX,2009,-5.745
Luxembourg,LUX,2010,-0.532
Luxembourg,LUX,2011,-8.864
Luxembourg,LUX,2012,24.582
Luxembourg,LUX,2013,19.44
Luxembourg,LUX,2014,6.775
Luxembourg,LUX,2015,7.694
Luxembourg,LUX,2016,5.504
Luxembourg,LUX,2017,30.529
Luxembourg,LUX,2018,13.353
Luxembourg,LUX,2019,12.731
Malaysia,MYS,1966,17.888
Malaysia,MYS,1967,4.769
Malaysia,MYS,1968,10.897
Malaysia,MYS,1969,26.119
Malaysia,MYS,1970,18.54
Malaysia,MYS,1971,-12.978
Malaysia,MYS,1972,10.325
Malaysia,MYS,1973,-3.986
Malaysia,MYS,1974,-9.206
Malaysia,MYS,1975,-0.099
Malaysia,MYS,1976,-5.672
Malaysia,MYS,1977,-18.882
Malaysia,MYS,1978,17.549
Malaysia,MYS,1979,22.078
Malaysia,MYS,1980,27.66
Malaysia,MYS,1981,10.833
Malaysia,MYS,1982,-3.759
Malaysia,MYS,1983,16.406
Malaysia,MYS,1984,97.315
Malaysia,MYS,1985,9.184
Malaysia,MYS,1986,9.346
Malaysia,MYS,1987,20.513
Malaysia,MYS,1988,15.366
Malaysia,MYS,1989,-7.582
Malaysia,MYS,1990,-23.947
Malaysia,MYS,1991,10.496
Malaysia,MYS,1992,-3.671
Malaysia,MYS,1993,13.229
Malaysia,MYS,1994,33.587
Malaysia,MYS,1995,-4.088
Malaysia,MYS,1996,-16.629
Malaysia,MYS,1997,-19.502
Malaysia,MYS,1998,6.806
Malaysia,MYS,1999,69.441
Malaysia,MYS,2000,0.171
Malaysia,MYS,2001,-12.795
Malaysia,MYS,2002,-12.925
Malaysia,MYS,2003,-5.983
Malaysia,MYS,2004,10.963
Malaysia,MYS,2005,6.641
Malaysia,MYS,2006,4.603
Malaysia,MYS,2007,-3.918
Malaysia,MYS,2008,27.298
Malaysia,MYS,2009,-4.318
Malaysia,MYS,2010,-8.525
Malaysia,MYS,2011,25.067
Malaysia,MYS,2012,11.476
Malaysia,MYS,2013,20.494
Malaysia,MYS,2014,9.039
Malaysia,MYS,2015,3.851
Malaysia,MYS,2016,40.281
Malaysia,MYS,2017,31.68
Malaysia,MYS,2018,-1.182
Malaysia,MYS,2019,3.06
Mexico,MEX,1966,14.16
Mexico,MEX,1967,8.885
Mexico,MEX,1968,14.75
Mexico,MEX,1969,6.043
Mexico,MEX,1970,11.927
Mexico,MEX,1971,-2.886
Mexico,MEX,1972,6.581
Mexico,MEX,1973,6.445
Mexico,MEX,1974,3.865
Mexico,MEX,1975,-8.567
Mexico,MEX,1976,13.592
Mexico,MEX,1977,10.94
Mexico,MEX,1978,-15.011
Mexico,MEX,1979,13.155
Mexico,MEX,1980,-6.317
Mexico,MEX,1981,43.518
Mexico,MEX,1982,-5.324
Mexico,MEX,1983,-8.811
Mexico,MEX,1984,13.316
Mexico,MEX,1985,20.143
Mexico,MEX,1986,-17.882
Mexico,MEX,1987,-4.003
Mexico,MEX,1988,11.669
Mexico,MEX,1989,14.855
Mexico,MEX,1990,7.048
Mexico,MEX,1991,0.488
Mexico,MEX,1992,13.453
Mexico,MEX,1993,2.664
Mexico,MEX,1994,-19.301
Mexico,MEX,1995,38.158
Mexico,MEX,1996,6.929
Mexico,MEX,1997,-5.927
Mexico,MEX,1998,-6.322
Mexico,MEX,1999,21.939
Mexico,MEX,2000,-2.291
Mexico,MEX,2001,-9.496
Mexico,MEX,2002,-6.116
Mexico,MEX,2003,-8.824
Mexico,MEX,2004,10.812
Mexico,MEX,2005,11.333
Mexico,MEX,2006,3.984
Mexico,MEX,2007,-5.871
Mexico,MEX,2008,22.697
Mexico,MEX,2009,-20.926
Mexico,MEX,2010,13.228
Mexico,MEX,2011,6.304
Mexico,MEX,2012,-7.992
Mexico,MEX,2013,-0.144
Mexico,MEX,2014,20.828
Mexico,MEX,2015,-5.952
Mexico,MEX,2016,0.036
Mexico,MEX,2017,4.539
Mexico,MEX,2018,10.643
Mexico,MEX,2019,4.515
Morocco,MAR,1966,-13.108
Morocco,MAR,1967,-11.575
Morocco,MAR,1968,13.519
Morocco,MAR,1969,29.301
Morocco,MAR,1970,-1.608
Morocco,MAR,1971,12.927
Morocco,MAR,1972,5
Morocco,MAR,1973,-25.313
Morocco,MAR,1974,12.164
Morocco,MAR,1975,-24.009
Morocco,MAR,1976,-1.772
Morocco,MAR,1977,36.774
Morocco,MAR,1978,3.736
Morocco,MAR,1979,11.723
Morocco,MAR,1980,-4.235
Morocco,MAR,1981,-32.409
Morocco,MAR,1982,-44.141
Morocco,MAR,1983,-15.909
Morocco,MAR,1984,-23.909
Morocco,MAR,1985,32.787
Morocco,MAR,1986,32.305
Morocco,MAR,1987,28.305
Morocco,MAR,1988,13.455
Morocco,MAR,1989,23.611
Morocco,MAR,1990,5.445
Morocco,MAR,1991,0.492
Morocco,MAR,1992,-21.37
Morocco,MAR,1993,-54.046
Morocco,MAR,1994,89.616
Morocco,MAR,1995,-27.262
Morocco,MAR,1996,220.295
Morocco,MAR,1997,6.438
Morocco,MAR,1998,-14.69
Morocco,MAR,1999,-53.573
Morocco,MAR,2000,-5.212
Morocco,MAR,2001,35.699
Morocco,MAR,2002,-3.631
Morocco,MAR,2003,57.729
Morocco,MAR,2004,8.165
Morocco,MAR,2005,-35
Morocco,MAR,2006,-1.079
Morocco,MAR,2007,0.671
Morocco,MAR,2008,2.164
Morocco,MAR,2009,142.256
Morocco,MAR,2010,38.584
Morocco,MAR,2011,-35.027
Morocco,MAR,2012,-13.081
Morocco,MAR,2013,68.535
Morocco,MAR,2014,-11.501
Morocco,MAR,2015,23.097
Morocco,MAR,2016,4.98
Morocco,MAR,2017,-1.066
Morocco,MAR,2018,39.084
Morocco,MAR,2019,15.904
Netherlands,NLD,1969,1025
Netherlands,NLD,1970,16.825
Netherlands,NLD,1971,10.054
Netherlands,NLD,1972,-19.506
Netherlands,NLD,1973,239.877
Netherlands,NLD,1974,195.758
Netherlands,NLD,1975,26.274
Netherlands,NLD,1976,14.645
Netherlands,NLD,1977,-3.52
Netherlands,NLD,1978,15.163
Netherlands,NLD,1979,-12.825
Netherlands,NLD,1980,13.689
Netherlands,NLD,1981,-9.208
Netherlands,NLD,1982,-12.25
Netherlands,NLD,1983,-8.217
Netherlands,NLD,1984,-2.408
Netherlands,NLD,1985,16.497
Netherlands,NLD,1986,9.901
Netherlands,NLD,1987,-10.727
Netherlands,NLD,1988,6.266
Netherlands,NLD,1989,9.96
Netherlands,NLD,1990,-13.376
Netherlands,NLD,1991,-0.974
Netherlands,NLD,1992,12.854
Netherlands,NLD,1993,5.353
Netherlands,NLD,1994,3.269
Netherlands,NLD,1995,3.756
Netherlands,NLD,1996,10.182
Netherlands,NLD,1997,-25.938
Netherlands,NLD,1998,38.63
Netherlands,NLD,1999,3.28
Netherlands,NLD,2000,8.722
Netherlands,NLD,2001,4.734
Netherlands,NLD,2002,7.632
Netherlands,NLD,2003,0.534
Netherlands,NLD,2004,13.752
Netherlands,NLD,2005,24.588
Netherlands,NLD,2006,1.564
Netherlands,NLD,2007,12.444
Netherlands,NLD,2008,11.88
Netherlands,NLD,2009,11.634
Netherlands,NLD,2010,-3.767
Netherlands,NLD,2011,9.941
Netherlands,NLD,2012,-0.379
Netherlands,NLD,2013,-8.423
Netherlands,NLD,2014,5.15
Netherlands,NLD,2015,9.248
Netherlands,NLD,2016,2.668
Netherlands,NLD,2017,13.527
Netherlands,NLD,2018,10.751
Netherlands,NLD,2019,16.707
New Zealand,NZL,1966,7.017
New Zealand,NZL,1967,1.565
New Zealand,NZL,1968,5.774
New Zealand,NZL,1969,-0.803
New Zealand,NZL,1970,7.561
New Zealand,NZL,1971,12.239
New Zealand,NZL,1972,5.569
New Zealand,NZL,1973,-1.101
New Zealand,NZL,1974,3.727
New Zealand,NZL,1975,8.861
New Zealand,NZL,1976,-6.59
New Zealand,NZL,1977,-4.965
New Zealand,NZL,1978,5.877
New Zealand,NZL,1979,15.34
New Zealand,NZL,1980,5.075
New Zealand,NZL,1981,1.343
New Zealand,NZL,1982,-6.32
New Zealand,NZL,1983,7.345
New Zealand,NZL,1984,3.629
New Zealand,NZL,1985,-3.591
New Zealand,NZL,1986,11.508
New Zealand,NZL,1987,-0.73
New Zealand,NZL,1988,4.405
New Zealand,NZL,1989,0.361
New Zealand,NZL,1990,3.925
New Zealand,NZL,1991,-0.443
New Zealand,NZL,1992,-7.107
New Zealand,NZL,1993,10.575
New Zealand,NZL,1994,8.332
New Zealand,NZL,1995,5.749
New Zealand,NZL,1996,-4.635
New Zealand,NZL,1997,-9.812
New Zealand,NZL,1998,9.38
New Zealand,NZL,1999,-7.596
New Zealand,NZL,2000,6.727
New Zealand,NZL,2001,-10.96
New Zealand,NZL,2002,11.532
New Zealand,NZL,2003,-5.312
New Zealand,NZL,2004,13.918
New Zealand,NZL,2005,-11.097
New Zealand,NZL,2006,1.222
New Zealand,NZL,2007,1.399
New Zealand,NZL,2008,-2.415
New Zealand,NZL,2009,9.898
New Zealand,NZL,2010,4.718
New Zealand,NZL,2011,2.303
New Zealand,NZL,2012,-6.531
New Zealand,NZL,2013,0.373
New Zealand,NZL,2014,6.692
New Zealand,NZL,2015,2.174
New Zealand,NZL,2016,3.326
New Zealand,NZL,2017,-3.19
New Zealand,NZL,2018,2.258
New Zealand,NZL,2019,-1.493
North America,,1966,5.205
North America,,1967,9.235
North America,,1968,3.093
North America,,1969,11.027
North America,,1970,3.404
North America,,1971,9.294
North America,,1972,9.497
North America,,1973,9.631
North America,,1974,12.682
North America,,1975,6.968
North America,,1976,3.237
North America,,1977,2.444
North America,,1978,13.516
North America,,1979,-0.713
North America,,1980,0.143
North America,,1981,3.765
North America,,1982,5.206
North America,,1983,5.641
North America,,1984,5.649
North America,,1985,4.621
North America,,1986,5.038
North America,,1987,1.426
North America,,1988,4.006
North America,,1989,3.38
North America,,1990,6.553
North America,,1991,4.424
North America,,1992,-1.097
North America,,1993,3.124
North America,,1994,1.774
North America,,1995,6.286
North America,,1996,3.475
North America,,1997,-3.361
North America,,1998,-1.042
North America,,1999,5.098
North America,,2000,-0.232
North America,,2001,-4.842
North America,,2002,4.803
North America,,2003,-1.593
North America,,2004,2.493
North America,,2005,1.545
North America,,2006,2.282
North America,,2007,-0.096
North America,,2008,3.707
North America,,2009,0.574
North America,,2010,0.848
North America,,2011,5.277
North America,,2012,-2.168
North America,,2013,3.573
North America,,2014,1.233
North America,,2015,0.444
North America,,2016,4.042
North America,,2017,3.676
North America,,2018,0.581
North America,,2019,0.693
North Macedonia,MKD,1991,72.709
North Macedonia,MKD,1992,0
North Macedonia,MKD,1993,-38.443
North Macedonia,MKD,1994,33.142
North Macedonia,MKD,1995,15.252
North Macedonia,MKD,1996,6.117
North Macedonia,MKD,1997,5.882
North Macedonia,MKD,1998,20.333
North Macedonia,MKD,1999,28.255
North Macedonia,MKD,2000,-15.767
North Macedonia,MKD,2001,-46.843
North Macedonia,MKD,2002,20.146
North Macedonia,MKD,2003,80.342
North Macedonia,MKD,2004,7.173
North Macedonia,MKD,2005,0.038
North Macedonia,MKD,2006,9.894
North Macedonia,MKD,2007,-39.17
North Macedonia,MKD,2008,-17.348
North Macedonia,MKD,2009,50.257
North Macedonia,MKD,2010,90.245
North Macedonia,MKD,2011,-41.365
North Macedonia,MKD,2012,-27.658
North Macedonia,MKD,2013,51.693
North Macedonia,MKD,2014,-19.403
North Macedonia,MKD,2015,56.132
North Macedonia,MKD,2016,1.26
North Macedonia,MKD,2017,-37.653
North Macedonia,MKD,2018,50.768
North Macedonia,MKD,2019,-31.884
Norway,NOR,1966,-1.432
Norway,NOR,1967,9.349
Norway,NOR,1968,12.953
Norway,NOR,1969,-4.707
Norway,NOR,1970,0.762
Norway,NOR,1971,9.405
Norway,NOR,1972,6.597
Norway,NOR,1973,8.084
Norway,NOR,1974,5.119
Norway,NOR,1975,0.957
Norway,NOR,1976,5.952
Norway,NOR,1977,-12.096
Norway,NOR,1978,12.057
Norway,NOR,1979,9.903
Norway,NOR,1980,-5.733
Norway,NOR,1981,11.028
Norway,NOR,1982,-0.361
Norway,NOR,1983,14.259
Norway,NOR,1984,0.203
Norway,NOR,1985,-3.319
Norway,NOR,1986,-6.017
Norway,NOR,1987,7.344
Norway,NOR,1988,5.412
Norway,NOR,1989,8.766
Norway,NOR,1990,2.473
Norway,NOR,1991,-9.076
Norway,NOR,1992,5.941
Norway,NOR,1993,2.205
Norway,NOR,1994,-6.33
Norway,NOR,1995,8.852
Norway,NOR,1996,-14.492
Norway,NOR,1997,5.617
Norway,NOR,1998,5.415
Norway,NOR,1999,4.972
Norway,NOR,2000,16.733
Norway,NOR,2001,-15.581
Norway,NOR,2002,6.689
Norway,NOR,2003,-18.748
Norway,NOR,2004,2.521
Norway,NOR,2005,24.006
Norway,NOR,2006,-12.372
Norway,NOR,2007,11.377
Norway,NOR,2008,3.371
Norway,NOR,2009,-10.436
Norway,NOR,2010,-7.303
Norway,NOR,2011,2.71
Norway,NOR,2012,17.084
Norway,NOR,2013,-9.724
Norway,NOR,2014,5.105
Norway,NOR,2015,0.962
Norway,NOR,2016,2.746
Norway,NOR,2017,-0.403
Norway,NOR,2018,-1.888
Norway,NOR,2019,-8.713
Oman,OMN,2014,-0.599
Oman,OMN,2015,206.498
Oman,OMN,2016,-0.081
Oman,OMN,2017,-0.588
Oman,OMN,2018,0.384
Oman,OMN,2019,-0.369
Pakistan,PAK,1966,0
Pakistan,PAK,1967,18.511
Pakistan,PAK,1968,20.204
Pakistan,PAK,1969,5.508
Pakistan,PAK,1970,-11.513
Pakistan,PAK,1971,32.224
Pakistan,PAK,1972,9.153
Pakistan,PAK,1973,9.434
Pakistan,PAK,1974,3.736
Pakistan,PAK,1975,15.051
Pakistan,PAK,1976,5.939
Pakistan,PAK,1977,13.864
Pakistan,PAK,1978,20.559
Pakistan,PAK,1979,6.512
Pakistan,PAK,1980,5.13
Pakistan,PAK,1981,5.372
Pakistan,PAK,1982,12.675
Pakistan,PAK,1983,16.189
Pakistan,PAK,1984,4.037
Pakistan,PAK,1985,4.224
Pakistan,PAK,1986,-3.229
Pakistan,PAK,1987,28.498
Pakistan,PAK,1988,4.081
Pakistan,PAK,1989,1.171
Pakistan,PAK,1990,-0.327
Pakistan,PAK,1991,6.842
Pakistan,PAK,1992,9.594
Pakistan,PAK,1993,8.991
Pakistan,PAK,1994,-1.009
Pakistan,PAK,1995,5.216
Pakistan,PAK,1996,7.977
Pakistan,PAK,1997,-24.785
Pakistan,PAK,1998,29.654
Pakistan,PAK,1999,-11.905
Pakistan,PAK,2000,-9.978
Pakistan,PAK,2001,8.652
Pakistan,PAK,2002,8.82
Pakistan,PAK,2003,17.584
Pakistan,PAK,2004,7.17
Pakistan,PAK,2005,11.175
Pakistan,PAK,2006,-1.985
Pakistan,PAK,2007,3.052
Pakistan,PAK,2008,-14.972
Pakistan,PAK,2009,6.925
Pakistan,PAK,2010,2.786
Pakistan,PAK,2011,6.137
Pakistan,PAK,2012,-61.098
Pakistan,PAK,2013,320.75
Pakistan,PAK,2014,-34.615
Pakistan,PAK,2015,2.67
Pakistan,PAK,2016,9.509
Pakistan,PAK,2017,-1.459
Pakistan,PAK,2018,3.126
Pakistan,PAK,2019,17.584
Peru,PER,1966,7.695
Peru,PER,1967,12.062
Peru,PER,1968,7.323
Peru,PER,1969,8.853
Peru,PER,1970,-4.458
Peru,PER,1971,27.63
Peru,PER,1972,3.302
Peru,PER,1973,7.229
Peru,PER,1974,9.662
Peru,PER,1975,4.579
Peru,PER,1976,5.32
Peru,PER,1977,3.793
Peru,PER,1978,2.234
Peru,PER,1979,7.164
Peru,PER,1980,3.335
Peru,PER,1981,13.77
Peru,PER,1982,5.885
Peru,PER,1983,-3.452
Peru,PER,1984,7.186
Peru,PER,1985,7.982
Peru,PER,1986,6.942
Peru,PER,1987,7.832
Peru,PER,1988,-4.131
Peru,PER,1989,0.881
Peru,PER,1990,-0.441
Peru,PER,1991,9.618
Peru,PER,1992,-15.51
Peru,PER,1993,21.238
Peru,PER,1994,8.045
Peru,PER,1995,1.66
Peru,PER,1996,2.916
Peru,PER,1997,-0.683
Peru,PER,1998,4.231
Peru,PER,1999,5.349
Peru,PER,2000,11.272
Peru,PER,2001,8.134
Peru,PER,2002,1.86
Peru,PER,2003,2.104
Peru,PER,2004,-6.214
Peru,PER,2005,3.002
Peru,PER,2006,8.141
Peru,PER,2007,-0.508
Peru,PER,2008,-2.842
Peru,PER,2009,3.681
Peru,PER,2010,1.15
Peru,PER,2011,6.618
Peru,PER,2012,1.751
Peru,PER,2013,2.528
Peru,PER,2014,1.437
Peru,PER,2015,5.463
Peru,PER,2016,0.763
Peru,PER,2017,21.411
Peru,PER,2018,8.145
Peru,PER,2019,3.643
Philippines,PHL,1966,-1.935
Philippines,PHL,1967,10.526
Philippines,PHL,1968,2.381
Philippines,PHL,1969,5.523
Philippines,PHL,1970,15.537
Philippines,PHL,1971,-7.821
Philippines,PHL,1972,14.175
Philippines,PHL,1973,7.567
Philippines,PHL,1974,-13.606
Philippines,PHL,1975,10.775
Philippines,PHL,1976,23.019
Philippines,PHL,1977,-24.329
Philippines,PHL,1978,33.05
Philippines,PHL,1979,25.016
Philippines,PHL,1980,58.242
Philippines,PHL,1981,37.191
Philippines,PHL,1982,0.572
Philippines,PHL,1983,15.911
Philippines,PHL,1984,19.471
Philippines,PHL,1985,8.073
Philippines,PHL,1986,0.827
Philippines,PHL,1987,-12.487
Philippines,PHL,1988,13.25
Philippines,PHL,1989,6.092
Philippines,PHL,1990,-1.878
Philippines,PHL,1991,-8.821
Philippines,PHL,1992,-6.998
Philippines,PHL,1993,5.493
Philippines,PHL,1994,13.882
Philippines,PHL,1995,1.519
Philippines,PHL,1996,9.679
Philippines,PHL,1997,-1.902
Philippines,PHL,1998,5.065
Philippines,PHL,1999,31.86
Philippines,PHL,2000,5.376
Philippines,PHL,2001,-10.26
Philippines,PHL,2002,-2.177
Philippines,PHL,2003,1.756
Philippines,PHL,2004,6.001
Philippines,PHL,2005,-3.613
Philippines,PHL,2006,11.047
Philippines,PHL,2007,-8.504
Philippines,PHL,2008,8.826
Philippines,PHL,2009,-2.724
Philippines,PHL,2010,-12.27
Philippines,PHL,2011,10.665
Philippines,PHL,2012,3.987
Philippines,PHL,2013,-4.713
Philippines,PHL,2014,-1.065
Philippines,PHL,2015,5.193
Philippines,PHL,2016,4.228
Philippines,PHL,2017,4.856
Philippines,PHL,2018,0.027
Philippines,PHL,2019,2.237
Poland,POL,1966,1.302
Poland,POL,1967,7.173
Poland,POL,1968,5.095
Poland,POL,1969,-15.019
Poland,POL,1970,104.698
Poland,POL,1971,-8.743
Poland,POL,1972,1.078
Poland,POL,1973,-0.533
Poland,POL,1974,40.381
Poland,POL,1975,-6.619
Poland,POL,1976,-16.947
Poland,POL,1977,21.554
Poland,POL,1978,-0.405
Poland,POL,1979,-7.501
Poland,POL,1980,26.869
Poland,POL,1981,-7.355
Poland,POL,1982,-24.688
Poland,POL,1983,12.417
Poland,POL,1984,-13.942
Poland,POL,1985,28.294
Poland,POL,1986,-14.762
Poland,POL,1987,-3.286
Poland,POL,1988,1.78
Poland,POL,1989,-9.274
Poland,POL,1990,-14.019
Poland,POL,1991,2.446
Poland,POL,1992,7.294
Poland,POL,1993,-4.265
Poland,POL,1994,15.171
Poland,POL,1995,9.585
Poland,POL,1996,5.575
Poland,POL,1997,3.295
Poland,POL,1998,18.809
Poland,POL,1999,-7.146
Poland,POL,2000,-0.85
Poland,POL,2001,18.565
Poland,POL,2002,-1.216
Poland,POL,2003,-14.647
Poland,POL,2004,31.067
Poland,POL,2005,28.933
Poland,POL,2006,14.694
Poland,POL,2007,24.18
Poland,POL,2008,44.963
Poland,POL,2009,33.139
Poland,POL,2010,19.437
Poland,POL,2011,16.982
Poland,POL,2012,24.449
Poland,POL,2013,-0.019
Poland,POL,2014,12.209
Poland,POL,2015,10.855
Poland,POL,2016,-3.865
Poland,POL,2017,7.835
Poland,POL,2018,-4.464
Poland,POL,2019,14
Portugal,PRT,1966,30.942
Portugal,PRT,1967,3.598
Portugal,PRT,1968,-4.53
Portugal,PRT,1969,21.695
Portugal,PRT,1970,-9.118
Portugal,PRT,1971,5.392
Portugal,PRT,1972,14.035
Portugal,PRT,1973,4.528
Portugal,PRT,1974,6.419
Portugal,PRT,1975,-17.008
Portugal,PRT,1976,-24.511
Portugal,PRT,1977,103.309
Portugal,PRT,1978,8.265
Portugal,PRT,1979,3.876
Portugal,PRT,1980,-27.339
Portugal,PRT,1981,-36.053
Portugal,PRT,1982,36.473
Portugal,PRT,1983,15.906
Portugal,PRT,1984,20.247
Portugal,PRT,1985,10.88
Portugal,PRT,1986,-18.868
Portugal,PRT,1987,7.094
Portugal,PRT,1988,31.934
Portugal,PRT,1989,-49.697
Portugal,PRT,1990,51.974
Portugal,PRT,1991,0.061
Portugal,PRT,1992,-43.828
Portugal,PRT,1993,70.739
Portugal,PRT,1994,23.149
Portugal,PRT,1995,-19.352
Portugal,PRT,1996,68.186
Portugal,PRT,1997,-9.879
Portugal,PRT,1998,-0.552
Portugal,PRT,1999,-38.892
Portugal,PRT,2000,48.799
Portugal,PRT,2001,21.533
Portugal,PRT,2002,-38.57
Portugal,PRT,2003,80.751
Portugal,PRT,2004,-30.867
Portugal,PRT,2005,-33.617
Portugal,PRT,2006,92.564
Portugal,PRT,2007,4.446
Portugal,PRT,2008,-9.59
Portugal,PRT,2009,25.723
Portugal,PRT,2010,53.604
Portugal,PRT,2011,-15.019
Portugal,PRT,2012,-19.549
Portugal,PRT,2013,48.003
Portugal,PRT,2014,6.209
Portugal,PRT,2015,-21.309
Portugal,PRT,2016,28.404
Portugal,PRT,2017,-29.629
Portugal,PRT,2018,28.543
Portugal,PRT,2019,-7.227
Qatar,QAT,2012,-0.606
Qatar,QAT,2013,1.676
Qatar,QAT,2014,1.71
Qatar,QAT,2015,-0.595
Qatar,QAT,2016,0.93
Qatar,QAT,2017,-0.588
Qatar,QAT,2018,-0.585
Qatar,QAT,2019,-0.369
Romania,ROU,1966,2.985
Romania,ROU,1967,42.609
Romania,ROU,1968,5.827
Romania,ROU,1969,41.933
Romania,ROU,1970,25.079
Romania,ROU,1971,62.099
Romania,ROU,1972,63.359
Romania,ROU,1973,2.778
Romania,ROU,1974,12.31
Romania,ROU,1975,10.441
Romania,ROU,1976,-13.396
Romania,ROU,1977,15.271
Romania,ROU,1978,13.579
Romania,ROU,1979,6.831
Romania,ROU,1980,11.447
Romania,ROU,1981,0.791
Romania,ROU,1982,-6.933
Romania,ROU,1983,-15.32
Romania,ROU,1984,12.831
Romania,ROU,1985,12.246
Romania,ROU,1986,-14.969
Romania,ROU,1987,3.691
Romania,ROU,1988,31.823
Romania,ROU,1989,-7.431
Romania,ROU,1990,-16.559
Romania,ROU,1991,27.818
Romania,ROU,1992,-19.783
Romania,ROU,1993,9.118
Romania,ROU,1994,2.169
Romania,ROU,1995,27.955
Romania,ROU,1996,2.684
Romania,ROU,1997,33.714
Romania,ROU,1998,5.572
Romania,ROU,1999,-2.93
Romania,ROU,2000,-13.854
Romania,ROU,2001,0.014
Romania,ROU,2002,5.174
Romania,ROU,2003,-16.281
Romania,ROU,2004,20.676
Romania,ROU,2005,16.043
Romania,ROU,2006,-7.474
Romania,ROU,2007,-1.785
Romania,ROU,2008,19.231
Romania,ROU,2009,-4.614
Romania,ROU,2010,16.198
Romania,ROU,2011,-12.639
Romania,ROU,2012,-6.518
Romania,ROU,2013,19.026
Romania,ROU,2014,15.502
Romania,ROU,2015,2.434
Romania,ROU,2016,0.493
Romania,ROU,2017,-6.991
Romania,ROU,2018,4.359
Romania,ROU,2019,-5.236
Russia,RUS,1986,4.057
Russia,RUS,1987,6.558
Russia,RUS,1988,2.962
Russia,RUS,1989,0.111
Russia,RUS,1990,-3.658
Russia,RUS,1991,1.019
Russia,RUS,1992,1.437
Russia,RUS,1993,0.428
Russia,RUS,1994,-6.721
Russia,RUS,1995,0.745
Russia,RUS,1996,-4.515
Russia,RUS,1997,0.986
Russia,RUS,1998,-1.397
Russia,RUS,1999,7.683
Russia,RUS,2000,4.408
Russia,RUS,2001,4.768
Russia,RUS,2002,-2.872
Russia,RUS,2003,0.145
Russia,RUS,2004,4.051
Russia,RUS,2005,-0.114
Russia,RUS,2006,1.749
Russia,RUS,2007,1.59
Russia,RUS,2008,-3.34
Russia,RUS,2009,2.387
Russia,RUS,2010,-0.861
Russia,RUS,2011,-0.869
Russia,RUS,2012,0.853
Russia,RUS,2013,3.081
Russia,RUS,2014,-0.372
Russia,RUS,2015,2.056
Russia,RUS,2016,4.28
Russia,RUS,2017,1.289
Russia,RUS,2018,1.227
Russia,RUS,2019,1.786
Saudi Arabia,SAU,2009,-0.617
Saudi Arabia,SAU,2010,567.309
Saudi Arabia,SAU,2011,20.537
Saudi Arabia,SAU,2012,372.557
Saudi Arabia,SAU,2013,64.684
Saudi Arabia,SAU,2014,7.371
Saudi Arabia,SAU,2015,204.363
Saudi Arabia,SAU,2016,-0.592
Saudi Arabia,SAU,2017,19.495
Saudi Arabia,SAU,2018,143.964
Saudi Arabia,SAU,2019,365.628
Singapore,SGP,1987,0
Singapore,SGP,1988,0
Singapore,SGP,1989,0
Singapore,SGP,1990,0
Singapore,SGP,1991,188.235
Singapore,SGP,1992,0
Singapore,SGP,1993,0
Singapore,SGP,1994,0
Singapore,SGP,1995,0
Singapore,SGP,1996,0
Singapore,SGP,1997,0
Singapore,SGP,1998,0
Singapore,SGP,1999,0
Singapore,SGP,2000,0
Singapore,SGP,2001,91.808
Singapore,SGP,2002,-0.645
Singapore,SGP,2003,3.98
Singapore,SGP,2004,-3.849
Singapore,SGP,2005,-0.911
Singapore,SGP,2006,-1.439
Singapore,SGP,2007,3.537
Singapore,SGP,2008,4.927
Singapore,SGP,2009,0.816
Singapore,SGP,2010,10.96
Singapore,SGP,2011,2.73
Singapore,SGP,2012,4.905
Singapore,SGP,2013,10.877
Singapore,SGP,2014,6.364
Singapore,SGP,2015,11.36
Singapore,SGP,2016,2.756
Singapore,SGP,2017,0.265
Singapore,SGP,2018,-0.565
Singapore,SGP,2019,5.542
Slovakia,SVK,1966,-4.175
Slovakia,SVK,1967,-14.315
Slovakia,SVK,1968,-8.232
Slovakia,SVK,1969,-22.164
Slovakia,SVK,1970,50.847
Slovakia,SVK,1971,-24.948
Slovakia,SVK,1972,4.946
Slovakia,SVK,1973,0.323
Slovakia,SVK,1974,74.324
Slovakia,SVK,1975,-19.195
Slovakia,SVK,1976,12.426
Slovakia,SVK,1977,2.479
Slovakia,SVK,1978,-9.675
Slovakia,SVK,1979,76.953
Slovakia,SVK,1980,68.196
Slovakia,SVK,1981,4.705
Slovakia,SVK,1982,6.578
Slovakia,SVK,1983,5.498
Slovakia,SVK,1984,10.173
Slovakia,SVK,1985,30.76
Slovakia,SVK,1986,16.454
Slovakia,SVK,1987,0.403
Slovakia,SVK,1988,-1.607
Slovakia,SVK,1989,6.728
Slovakia,SVK,1990,-1.438
Slovakia,SVK,1991,-5.885
Slovakia,SVK,1992,-0.84
Slovakia,SVK,1993,15.138
Slovakia,SVK,1994,13.355
Slovakia,SVK,1995,-3.735
Slovakia,SVK,1996,-5.154
Slovakia,SVK,1997,-2.19
Slovakia,SVK,1998,3.462
Slovakia,SVK,1999,12.324
Slovakia,SVK,2000,19.999
Slovakia,SVK,2001,4.41
Slovakia,SVK,2002,4.68
Slovakia,SVK,2003,-9.653
Slovakia,SVK,2004,-1.609
Slovakia,SVK,2005,5.227
Slovakia,SVK,2006,1.199
Slovakia,SVK,2007,-11.825
Slovakia,SVK,2008,5.163
Slovakia,SVK,2009,-11.157
Slovakia,SVK,2010,6.211
Slovakia,SVK,2011,-1.039
Slovakia,SVK,2012,2.356
Slovakia,SVK,2013,4.612
Slovakia,SVK,2014,-1.192
Slovakia,SVK,2015,-2.648
Slovakia,SVK,2016,-0.973
Slovakia,SVK,2017,0.849
Slovakia,SVK,2018,-5.019
Slovakia,SVK,2019,4.411
Slovenia,SVN,1991,12.691
Slovenia,SVN,1992,-13.621
Slovenia,SVN,1993,-5.45
Slovenia,SVN,1994,14.547
Slovenia,SVN,1995,0.287
Slovenia,SVN,1996,2.478
Slovenia,SVN,1997,-1.458
Slovenia,SVN,1998,4.427
Slovenia,SVN,1999,-0.035
Slovenia,SVN,2000,2.351
Slovenia,SVN,2001,4.625
Slovenia,SVN,2002,-2.627
Slovenia,SVN,2003,-7.94
Slovenia,SVN,2004,16.02
Slovenia,SVN,2005,-2.892
Slovenia,SVN,2006,-2.91
Slovenia,SVN,2007,-2.486
Slovenia,SVN,2008,16.021
Slovenia,SVN,2009,0.021
Slovenia,SVN,2010,-2.872
Slovenia,SVN,2011,-3.608
Slovenia,SVN,2012,-2.949
Slovenia,SVN,2013,4.964
Slovenia,SVN,2014,23.972
Slovenia,SVN,2015,-23.406
Slovenia,SVN,2016,7.071
Slovenia,SVN,2017,-0.929
Slovenia,SVN,2018,2.019
Slovenia,SVN,2019,-2.62
South Africa,ZAF,1966,-2.703
South Africa,ZAF,1967,-27.778
South Africa,ZAF,1968,-7.692
South Africa,ZAF,1969,-12.5
South Africa,ZAF,1970,19.048
South Africa,ZAF,1971,348
South Africa,ZAF,1972,644.643
South Africa,ZAF,1973,18.106
South Africa,ZAF,1974,14.924
South Africa,ZAF,1975,-1.06
South Africa,ZAF,1976,67.5
South Africa,ZAF,1977,3.625
South Africa,ZAF,1978,-1.903
South Africa,ZAF,1979,-40.01
South Africa,ZAF,1980,-13.287
South Africa,ZAF,1981,66.633
South Africa,ZAF,1982,-38.536
South Africa,ZAF,1983,-41.437
South Africa,ZAF,1984,653.782
South Africa,ZAF,1985,32.419
South Africa,ZAF,1986,75.551
South Africa,ZAF,1987,-25.34
South Africa,ZAF,1988,75.424
South Africa,ZAF,1989,1.487
South Africa,ZAF,1990,-31.743
South Africa,ZAF,1991,17.602
South Africa,ZAF,1992,-9.745
South Africa,ZAF,1993,-26.285
South Africa,ZAF,1994,45.534
South Africa,ZAF,1995,9.832
South Africa,ZAF,1996,11.192
South Africa,ZAF,1997,13.159
South Africa,ZAF,1998,3.641
South Africa,ZAF,1999,-10.806
South Africa,ZAF,2000,6.089
South Africa,ZAF,2001,-12.382
South Africa,ZAF,2002,12.272
South Africa,ZAF,2003,-4.937
South Africa,ZAF,2004,5.115
South Africa,ZAF,2005,-11.738
South Africa,ZAF,2006,1.505
South Africa,ZAF,2007,8.937
South Africa,ZAF,2008,0.174
South Africa,ZAF,2009,-0.633
South Africa,ZAF,2010,1.863
South Africa,ZAF,2011,8.374
South Africa,ZAF,2012,-12.438
South Africa,ZAF,2013,9.22
South Africa,ZAF,2014,13.361
South Africa,ZAF,2015,5.222
South Africa,ZAF,2016,26.524
South Africa,ZAF,2017,10.434
South Africa,ZAF,2018,-12.065
South Africa,ZAF,2019,14.079
South Korea,KOR,1966,38.694
South Korea,KOR,1967,-3.263
South Korea,KOR,1968,-2.485
South Korea,KOR,1969,53.689
South Korea,KOR,1970,-14.549
South Korea,KOR,1971,8.134
South Korea,KOR,1972,3.644
South Korea,KOR,1973,-6.112
South Korea,KOR,1974,48.378
South Korea,KOR,1975,-11.703
South Korea,KOR,1976,6.29
South Korea,KOR,1977,-18.14
South Korea,KOR,1978,182.196
South Korea,KOR,1979,31.854
South Korea,KOR,1980,-0.928
South Korea,KOR,1981,1.804
South Korea,KOR,1982,-0.041
South Korea,KOR,1983,104.988
South Korea,KOR,1984,22.479
South Korea,KOR,1985,44.525
South Korea,KOR,1986,57.655
South Korea,KOR,1987,37.74
South Korea,KOR,1988,-2.753
South Korea,KOR,1989,19.581
South Korea,KOR,1990,14.39
South Korea,KOR,1991,3.867
South Korea,KOR,1992,-0.281
South Korea,KOR,1993,4.594
South Korea,KOR,1994,-2.195
South Korea,KOR,1995,14.821
South Korea,KOR,1996,9.586
South Korea,KOR,1997,4.204
South Korea,KOR,1998,17.567
South Korea,KOR,1999,14.131
South Korea,KOR,2000,5.361
South Korea,KOR,2001,0.665
South Korea,KOR,2002,6.264
South Korea,KOR,2003,9.285
South Korea,KOR,2004,-0.177
South Korea,KOR,2005,10.75
South Korea,KOR,2006,0.718
South Korea,KOR,2007,-3.926
South Korea,KOR,2008,5.063
South Korea,KOR,2009,-1.929
South Korea,KOR,2010,1.228
South Korea,KOR,2011,4.088
South Korea,KOR,2012,-3.272
South Korea,KOR,2013,-6.602
South Korea,KOR,2014,11.388
South Korea,KOR,2015,6.066
South Korea,KOR,2016,-0.061
South Korea,KOR,2017,-5.329
South Korea,KOR,2018,-5.36
South Korea,KOR,2019,10.113
Spain,ESP,1966,38.457
Spain,ESP,1967,-16.879
Spain,ESP,1968,8.006
Spain,ESP,1969,28.446
Spain,ESP,1970,-8.558
Spain,ESP,1971,19.654
Spain,ESP,1972,17.127
Spain,ESP,1973,-11.837
Spain,ESP,1974,6.558
Spain,ESP,1975,-10.887
Spain,ESP,1976,-14.969
Spain,ESP,1977,62.032
Spain,ESP,1978,3.777
Spain,ESP,1979,10.644
Spain,ESP,1980,-34.209
Spain,ESP,1981,-9.015
Spain,ESP,1982,11.445
Spain,ESP,1983,7.528
Spain,ESP,1984,44.037
Spain,ESP,1985,8.748
Spain,ESP,1986,7.587
Spain,ESP,1987,7.33
Spain,ESP,1988,24.803
Spain,ESP,1989,-11.938
Spain,ESP,1990,5.484
Spain,ESP,1991,3.963
Spain,ESP,1992,-9.633
Spain,ESP,1993,7.631
Spain,ESP,1994,3.914
Spain,ESP,1995,-5.282
Spain,ESP,1996,22.198
Spain,ESP,1997,-5.428
Spain,ESP,1998,3.903
Spain,ESP,1999,-10.111
Spain,ESP,2000,14.05
Spain,ESP,2001,14.646
Spain,ESP,2002,-13.739
Spain,ESP,2003,20.107
Spain,ESP,2004,-3.913
Spain,ESP,2005,-13.351
Spain,ESP,2006,11.803
Spain,ESP,2007,0.29
Spain,ESP,2008,6.51
Spain,ESP,2009,4.013
Spain,ESP,2010,27.949
Spain,ESP,2011,-8.45
Spain,ESP,2012,3.536
Spain,ESP,2013,8.14
Spain,ESP,2014,-0.514
Spain,ESP,2015,-8.135
Spain,ESP,2016,5.32
Spain,ESP,2017,-10.146
Spain,ESP,2018,9.902
Spain,ESP,2019,-0.918
Sri Lanka,LKA,1966,9.315
Sri Lanka,LKA,1967,2.757
Sri Lanka,LKA,1968,15.61
Sri Lanka,LKA,1969,15.823
Sri Lanka,LKA,1970,34.845
Sri Lanka,LKA,1971,11.509
Sri Lanka,LKA,1972,2.617
Sri Lanka,LKA,1973,-17.873
Sri Lanka,LKA,1974,43.395
Sri Lanka,LKA,1975,7.919
Sri Lanka,LKA,1976,3.056
Sri Lanka,LKA,1977,9.41
Sri Lanka,LKA,1978,12.555
Sri Lanka,LKA,1979,6.99
Sri Lanka,LKA,1980,1.252
Sri Lanka,LKA,1981,6.182
Sri Lanka,LKA,1982,2.291
Sri Lanka,LKA,1983,-24.285
Sri Lanka,LKA,1984,71.886
Sri Lanka,LKA,1985,14.501
Sri Lanka,LKA,1986,10.415
Sri Lanka,LKA,1987,-17.697
Sri Lanka,LKA,1988,19.279
Sri Lanka,LKA,1989,7.875
Sri Lanka,LKA,1990,12.266
Sri Lanka,LKA,1991,-0.897
Sri Lanka,LKA,1992,-6.953
Sri Lanka,LKA,1993,30.901
Sri Lanka,LKA,1994,7.721
Sri Lanka,LKA,1995,10.393
Sri Lanka,LKA,1996,-27.961
Sri Lanka,LKA,1997,6.008
Sri Lanka,LKA,1998,13.567
Sri Lanka,LKA,1999,6.796
Sri Lanka,LKA,2000,-23.271
Sri Lanka,LKA,2001,-3.306
Sri Lanka,LKA,2002,-13.906
Sri Lanka,LKA,2003,22.093
Sri Lanka,LKA,2004,-11.067
Sri Lanka,LKA,2005,15.839
Sri Lanka,LKA,2006,33.289
Sri Lanka,LKA,2007,-15.298
Sri Lanka,LKA,2008,4.107
Sri Lanka,LKA,2009,-6.122
Sri Lanka,LKA,2010,45.302
Sri Lanka,LKA,2011,-18.307
Sri Lanka,LKA,2012,-26.629
Sri Lanka,LKA,2013,105.713
Sri Lanka,LKA,2014,-32.332
Sri Lanka,LKA,2015,30.304
Sri Lanka,LKA,2016,-26.843
Sri Lanka,LKA,2017,-1.461
Sri Lanka,LKA,2018,52.501
Sri Lanka,LKA,2019,-21.708
Sweden,SWE,1966,-1.953
Sweden,SWE,1967,8.35
Sweden,SWE,1968,-1.163
Sweden,SWE,1969,-14.091
Sweden,SWE,1970,-0.516
Sweden,SWE,1971,25.404
Sweden,SWE,1972,6.069
Sweden,SWE,1973,12.534
Sweden,SWE,1974,-4.338
Sweden,SWE,1975,17.178
Sweden,SWE,1976,1.79
Sweden,SWE,1977,3.637
Sweden,SWE,1978,10.902
Sweden,SWE,1979,0.802
Sweden,SWE,1980,4.379
Sweden,SWE,1981,14.262
Sweden,SWE,1982,-3.294
Sweden,SWE,1983,11.444
Sweden,SWE,1984,13.856
Sweden,SWE,1985,8.843
Sweden,SWE,1986,1.152
Sweden,SWE,1987,6.272
Sweden,SWE,1988,0.106
Sweden,SWE,1989,-1.278
Sweden,SWE,1990,2.219
Sweden,SWE,1991,-0.533
Sweden,SWE,1992,-1.363
Sweden,SWE,1993,-1.203
Sweden,SWE,1994,-2.682
Sweden,SWE,1995,4.409
Sweden,SWE,1996,-8.694
Sweden,SWE,1997,10.668
Sweden,SWE,1998,6.66
Sweden,SWE,1999,-2.298
Sweden,SWE,2000,-5.056
Sweden,SWE,2001,9.943
Sweden,SWE,2002,-10.986
Sweden,SWE,2003,-9.994
Sweden,SWE,2004,15.247
Sweden,SWE,2005,4.919
Sweden,SWE,2006,-10.757
Sweden,SWE,2007,4.046
Sweden,SWE,2008,0.343
Sweden,SWE,2009,-9.974
Sweden,SWE,2010,6.215
Sweden,SWE,2011,3.386
Sweden,SWE,2012,11.261
Sweden,SWE,2013,-8.566
Sweden,SWE,2014,1.006
Sweden,SWE,2015,5.175
Sweden,SWE,2016,-3.716
Sweden,SWE,2017,5.183
Sweden,SWE,2018,-1.406
Sweden,SWE,2019,3.857
Switzerland,CHE,1966,14.198
Switzerland,CHE,1967,8.473
Switzerland,CHE,1968,-1.122
Switzerland,CHE,1969,-2.491
Switzerland,CHE,1970,7.5
Switzerland,CHE,1971,-1.629
Switzerland,CHE,1972,-7.757
Switzerland,CHE,1973,17.178
Switzerland,CHE,1974,6.143
Switzerland,CHE,1975,14.547
Switzerland,CHE,1976,-15.522
Switzerland,CHE,1977,27.274
Switzerland,CHE,1978,-6.861
Switzerland,CHE,1979,4.301
Switzerland,CHE,1980,14.818
Switzerland,CHE,1981,6.096
Switzerland,CHE,1982,1.186
Switzerland,CHE,1983,-0.632
Switzerland,CHE,1984,-4.819
Switzerland,CHE,1985,12.556
Switzerland,CHE,1986,1.768
Switzerland,CHE,1987,4.018
Switzerland,CHE,1988,1.573
Switzerland,CHE,1989,-10.113
Switzerland,CHE,1990,1.373
Switzerland,CHE,1991,2.985
Switzerland,CHE,1992,2.106
Switzerland,CHE,1993,5.29
Switzerland,CHE,1994,7.326
Switzerland,CHE,1995,-5.245
Switzerland,CHE,1996,-10.147
Switzerland,CHE,1997,10.322
Switzerland,CHE,1998,-0.2
Switzerland,CHE,1999,9.537
Switzerland,CHE,2000,-2.419
Switzerland,CHE,2001,6.954
Switzerland,CHE,2002,-8.865
Switzerland,CHE,2003,-0.844
Switzerland,CHE,2004,-3.002
Switzerland,CHE,2005,-10.425
Switzerland,CHE,2006,7.09
Switzerland,CHE,2007,6.769
Switzerland,CHE,2008,0.344
Switzerland,CHE,2009,-1.085
Switzerland,CHE,2010,-1.427
Switzerland,CHE,2011,-5.389
Switzerland,CHE,2012,7.915
Switzerland,CHE,2013,0.445
Switzerland,CHE,2014,1.736
Switzerland,CHE,2015,-6.498
Switzerland,CHE,2016,-8.709
Switzerland,CHE,2017,-1.968
Switzerland,CHE,2018,7.306
Switzerland,CHE,2019,-1.989
Taiwan,TWN,1966,2.9
Taiwan,TWN,1967,-1.015
Taiwan,TWN,1968,46.697
Taiwan,TWN,1969,-21.014
Taiwan,TWN,1970,-6.127
Taiwan,TWN,1971,7.888
Taiwan,TWN,1972,17.632
Taiwan,TWN,1973,-6.518
Taiwan,TWN,1974,38.423
Taiwan,TWN,1975,11.817
Taiwan,TWN,1976,-18.609
Taiwan,TWN,1977,-3.737
Taiwan,TWN,1978,85.25
Taiwan,TWN,1979,42.693
Taiwan,TWN,1980,2.102
Taiwan,TWN,1981,38.957
Taiwan,TWN,1982,15.62
Taiwan,TWN,1983,33.694
Taiwan,TWN,1984,21.266
Taiwan,TWN,1985,19.853
Taiwan,TWN,1986,-4.767
Taiwan,TWN,1987,16.825
Taiwan,TWN,1988,-8.571
Taiwan,TWN,1989,-5.297
Taiwan,TWN,1990,18.341
Taiwan,TWN,1991,-0.139
Taiwan,TWN,1992,3.246
Taiwan,TWN,1993,-4.887
Taiwan,TWN,1994,3.84
Taiwan,TWN,1995,0.879
Taiwan,TWN,1996,6.034
Taiwan,TWN,1997,-2.529
Taiwan,TWN,1998,3.826
Taiwan,TWN,1999,1.321
Taiwan,TWN,2000,-0.221
Taiwan,TWN,2001,-5.532
Taiwan,TWN,2002,4.375
Taiwan,TWN,2003,-1.395
Taiwan,TWN,2004,1.257
Taiwan,TWN,2005,2.322
Taiwan,TWN,2006,-0.225
Taiwan,TWN,2007,1.952
Taiwan,TWN,2008,-0.075
Taiwan,TWN,2009,0.054
Taiwan,TWN,2010,1.143
Taiwan,TWN,2011,1.034
Taiwan,TWN,2012,-0.608
Taiwan,TWN,2013,2.146
Taiwan,TWN,2014,-1.01
Taiwan,TWN,2015,-11.17
Taiwan,TWN,2016,-6.22
Taiwan,TWN,2017,-22.818
Taiwan,TWN,2018,15.508
Taiwan,TWN,2019,18.591
Thailand,THA,1966,26.516
Thailand,THA,1967,28.571
Thailand,THA,1968,2.705
Thailand,THA,1969,-25.552
Thailand,THA,1970,70.841
Thailand,THA,1971,14.605
Thailand,THA,1972,-15.625
Thailand,THA,1973,8.796
Thailand,THA,1974,30.745
Thailand,THA,1975,38.283
Thailand,THA,1976,7.002
Thailand,THA,1977,-10.228
Thailand,THA,1978,-35.375
Thailand,THA,1979,54.645
Thailand,THA,1980,-60.987
Thailand,THA,1981,133.621
Thailand,THA,1982,28.985
Thailand,THA,1983,-4.588
Thailand,THA,1984,11.503
Thailand,THA,1985,-9.556
Thailand,THA,1986,49.87
Thailand,THA,1987,-26.584
Thailand,THA,1988,-7.702
Thailand,THA,1989,47.632
Thailand,THA,1990,-10.999
Thailand,THA,1991,-7.921
Thailand,THA,1992,-7.833
Thailand,THA,1993,-12.868
Thailand,THA,1994,22.308
Thailand,THA,1995,51.217
Thailand,THA,1996,10.19
Thailand,THA,1997,-0.898
Thailand,THA,1998,-26.608
Thailand,THA,1999,-28.55
Thailand,THA,2000,66.403
Thailand,THA,2001,5.188
Thailand,THA,2002,18.711
Thailand,THA,2003,3.274
Thailand,THA,2004,-8.72
Thailand,THA,2005,-1.535
Thailand,THA,2006,32.847
Thailand,THA,2007,7.021
Thailand,THA,2008,1.429
Thailand,THA,2009,6.878
Thailand,THA,2010,-3.72
Thailand,THA,2011,28.91
Thailand,THA,2012,16.7
Thailand,THA,2013,1.212
Thailand,THA,2014,14.797
Thailand,THA,2015,1.115
Thailand,THA,2016,10.905
Thailand,THA,2017,17.865
Thailand,THA,2018,22.698
Thailand,THA,2019,10.962
Trinidad and Tobago,TTO,1972,0
Trinidad and Tobago,TTO,1973,-17.143
Trinidad and Tobago,TTO,1974,-13.793
Trinidad and Tobago,TTO,1975,-8
Trinidad and Tobago,TTO,1976,-17.391
Trinidad and Tobago,TTO,1977,21.053
Trinidad and Tobago,TTO,1978,26.087
Trinidad and Tobago,TTO,1979,0
Trinidad and Tobago,TTO,1980,-10.345
Trinidad and Tobago,TTO,1981,-26.923
Trinidad and Tobago,TTO,1982,-5.263
Trinidad and Tobago,TTO,1983,-11.111
Trinidad and Tobago,TTO,1984,-18.75
Trinidad and Tobago,TTO,1985,30.769
Trinidad and Tobago,TTO,1986,52.941
Trinidad and Tobago,TTO,1987,19.231
Trinidad and Tobago,TTO,1988,-12.903
Trinidad and Tobago,TTO,1989,-3.704
Trinidad and Tobago,TTO,1990,19.231
Trinidad and Tobago,TTO,1991,-19.355
Trinidad and Tobago,TTO,1992,20
Trinidad and Tobago,TTO,1993,-6.667
Trinidad and Tobago,TTO,1994,14.286
Trinidad and Tobago,TTO,1995,3.125
Trinidad and Tobago,TTO,1996,-48.485
Trinidad and Tobago,TTO,1997,5.882
Trinidad and Tobago,TTO,1998,0
Trinidad and Tobago,TTO,1999,0
Trinidad and Tobago,TTO,2000,11.817
Trinidad and Tobago,TTO,2001,46.284
Trinidad and Tobago,TTO,2002,-9.597
Trinidad and Tobago,TTO,2003,-50.263
Trinidad and Tobago,TTO,2004,85.322
Trinidad and Tobago,TTO,2005,-3.933
Trinidad and Tobago,TTO,2006,17.119
Trinidad and Tobago,TTO,2007,-24.199
Trinidad and Tobago,TTO,2008,5.051
Trinidad and Tobago,TTO,2009,-3.174
Trinidad and Tobago,TTO,2010,-82.341
Trinidad and Tobago,TTO,2011,-0.61
Trinidad and Tobago,TTO,2012,-0.606
Trinidad and Tobago,TTO,2013,-0.603
Trinidad and Tobago,TTO,2014,11.417
Trinidad and Tobago,TTO,2015,14.09
Trinidad and Tobago,TTO,2016,-0.592
Trinidad and Tobago,TTO,2017,-0.588
Trinidad and Tobago,TTO,2018,-9.868
Trinidad and Tobago,TTO,2019,-0.369
Turkey,TUR,1966,7.946
Turkey,TUR,1967,3.849
Turkey,TUR,1968,31.274
Turkey,TUR,1969,8.024
Turkey,TUR,1970,-11.706
Turkey,TUR,1971,-13.336
Turkey,TUR,1972,21.896
Turkey,TUR,1973,-17.128
Turkey,TUR,1974,27.225
Turkey,TUR,1975,71.876
Turkey,TUR,1976,39.392
Turkey,TUR,1977,2.982
Turkey,TUR,1978,7.753
Turkey,TUR,1979,10.158
Turkey,TUR,1980,10.066
Turkey,TUR,1981,10.814
Turkey,TUR,1982,11.32
Turkey,TUR,1983,-19.934
Turkey,TUR,1984,18.564
Turkey,TUR,1985,-10.392
Turkey,TUR,1986,-1.118
Turkey,TUR,1987,56.725
Turkey,TUR,1988,55.378
Turkey,TUR,1989,-37.962
Turkey,TUR,1990,29.027
Turkey,TUR,1991,-1.828
Turkey,TUR,1992,17.023
Turkey,TUR,1993,27.732
Turkey,TUR,1994,-9.884
Turkey,TUR,1995,16.712
Turkey,TUR,1996,13.627
Turkey,TUR,1997,-1.329
Turkey,TUR,1998,5.891
Turkey,TUR,1999,-17.971
Turkey,TUR,2000,-10.766
Turkey,TUR,2001,-22.359
Turkey,TUR,2002,38.616
Turkey,TUR,2003,4.016
Turkey,TUR,2004,29.408
Turkey,TUR,2005,-14.714
Turkey,TUR,2006,11.308
Turkey,TUR,2007,-18.628
Turkey,TUR,2008,-6.171
Turkey,TUR,2009,10.124
Turkey,TUR,2010,45.181
Turkey,TUR,2011,3.648
Turkey,TUR,2012,11.572
Turkey,TUR,2013,5.502
Turkey,TUR,2014,-24.432
Turkey,TUR,2015,58.013
Turkey,TUR,2016,7.235
Turkey,TUR,2017,-3.872
Turkey,TUR,2018,11.383
Turkey,TUR,2019,37.057
Turkmenistan,TKM,1986,0
Turkmenistan,TKM,1987,0
Turkmenistan,TKM,1988,0
Turkmenistan,TKM,1989,0
Turkmenistan,TKM,1990,0
Turkmenistan,TKM,1991,0
Turkmenistan,TKM,1992,40
Turkmenistan,TKM,1993,19.048
Turkmenistan,TKM,1994,-20
Turkmenistan,TKM,1995,0
Turkmenistan,TKM,1996,25
Turkmenistan,TKM,1997,0
Turkmenistan,TKM,1998,20
Turkmenistan,TKM,1999,-16.667
Turkmenistan,TKM,2000,-36.92
Turkmenistan,TKM,2001,-0.649
Turkmenistan,TKM,2002,-0.645
Turkmenistan,TKM,2003,-0.641
Turkmenistan,TKM,2004,-0.637
Turkmenistan,TKM,2005,-0.633
Turkmenistan,TKM,2006,-0.629
Turkmenistan,TKM,2007,-0.625
Turkmenistan,TKM,2008,-0.621
Turkmenistan,TKM,2009,-0.617
Turkmenistan,TKM,2010,4.412
Turkmenistan,TKM,2011,8.306
Turkmenistan,TKM,2012,13.837
Turkmenistan,TKM,2013,20.244
Turkmenistan,TKM,2014,24.61
Turkmenistan,TKM,2015,32.73
Turkmenistan,TKM,2016,20.29
Turkmenistan,TKM,2017,-0.775
Turkmenistan,TKM,2018,-0.585
Turkmenistan,TKM,2019,-0.369
Ukraine,UKR,1986,-16.644
Ukraine,UKR,1987,12.472
Ukraine,UKR,1988,39.842
Ukraine,UKR,1989,-8.683
Ukraine,UKR,1990,13.109
Ukraine,UKR,1991,0.171
Ukraine,UKR,1992,-5.997
Ukraine,UKR,1993,5.695
Ukraine,UKR,1994,-6.161
Ukraine,UKR,1995,-0.605
Ukraine,UKR,1996,9.609
Ukraine,UKR,1997,1.224
Ukraine,UKR,1998,1.895
Ukraine,UKR,1999,-5.044
Ukraine,UKR,2000,2.58
Ukraine,UKR,2001,-1.102
Ukraine,UKR,2002,-1.296
Ukraine,UKR,2003,2.801
Ukraine,UKR,2004,8.275
Ukraine,UKR,2005,1.729
Ukraine,UKR,2006,1.325
Ukraine,UKR,2007,-0.755
Ukraine,UKR,2008,-1.923
Ukraine,UKR,2009,-7.089
Ukraine,UKR,2010,7.229
Ukraine,UKR,2011,-1.673
Ukraine,UKR,2012,-0.678
Ukraine,UKR,2013,-3.591
Ukraine,UKR,2014,-0.363
Ukraine,UKR,2015,-4.455
Ukraine,UKR,2016,-5.338
Ukraine,UKR,2017,6.28
Ukraine,UKR,2018,0.346
Ukraine,UKR,2019,-2.896
United Arab Emirates,ARE,2010,188.18
United Arab Emirates,ARE,2011,11.647
United Arab Emirates,ARE,2012,16.423
United Arab Emirates,ARE,2013,256.769
United Arab Emirates,ARE,2014,262.603
United Arab Emirates,ARE,2015,-0.35
United Arab Emirates,ARE,2016,8.255
United Arab Emirates,ARE,2017,127.438
United Arab Emirates,ARE,2018,65.73
United Arab Emirates,ARE,2019,214.85
United Kingdom,GBR,1966,25.351
United Kingdom,GBR,1967,13.772
United Kingdom,GBR,1968,6.214
United Kingdom,GBR,1969,8.254
United Kingdom,GBR,1970,-5.661
United Kingdom,GBR,1971,1.221
United Kingdom,GBR,1972,5.918
United Kingdom,GBR,1973,-2.797
United Kingdom,GBR,1974,18.385
United Kingdom,GBR,1975,-9.319
United Kingdom,GBR,1976,19.063
United Kingdom,GBR,1977,8.071
United Kingdom,GBR,1978,-6.094
United Kingdom,GBR,1979,3.187
United Kingdom,GBR,1980,-3.835
United Kingdom,GBR,1981,3.443
United Kingdom,GBR,1982,14.438
United Kingdom,GBR,1983,12.278
United Kingdom,GBR,1984,7.44
United Kingdom,GBR,1985,11.167
United Kingdom,GBR,1986,-1.848
United Kingdom,GBR,1987,-6.928
United Kingdom,GBR,1988,15.005
United Kingdom,GBR,1989,11.954
United Kingdom,GBR,1990,-6.588
United Kingdom,GBR,1991,6.023
United Kingdom,GBR,1992,9.698
United Kingdom,GBR,1993,14.373
United Kingdom,GBR,1994,0.2
United Kingdom,GBR,1995,0.407
United Kingdom,GBR,1996,4.924
United Kingdom,GBR,1997,4.942
United Kingdom,GBR,1998,2.674
United Kingdom,GBR,1999,-3.131
United Kingdom,GBR,2000,-9.328
United Kingdom,GBR,2001,4.228
United Kingdom,GBR,2002,-1.299
United Kingdom,GBR,2003,-0.175
United Kingdom,GBR,2004,-5.867
United Kingdom,GBR,2005,4.283
United Kingdom,GBR,2006,-5.175
United Kingdom,GBR,2007,-11.261
United Kingdom,GBR,2008,-8.095
United Kingdom,GBR,2009,25.953
United Kingdom,GBR,2010,-5.888
United Kingdom,GBR,2011,15.893
United Kingdom,GBR,2012,5.542
United Kingdom,GBR,2013,10.367
United Kingdom,GBR,2014,3.376
United Kingdom,GBR,2015,17.543
United Kingdom,GBR,2016,0.248
United Kingdom,GBR,2017,8.242
United Kingdom,GBR,2018,3.751
United Kingdom,GBR,2019,0.814
United States,USA,1966,1.69
United States,USA,1967,13.44
United States,USA,1968,3.022
United States,USA,1969,11.689
United States,USA,1970,2.009
United States,USA,1971,12.392
United States,USA,1972,7.715
United States,USA,1973,8.96
United States,USA,1974,15.952
United States,USA,1975,13.378
United States,USA,1976,1.181
United States,USA,1977,-0.013
United States,USA,1978,17.231
United States,USA,1979,-3.602
United States,USA,1980,-1.255
United States,USA,1981,1.383
United States,USA,1982,10.101
United States,USA,1983,5.946
United States,USA,1984,4.494
United States,USA,1985,2.741
United States,USA,1986,6.055
United States,USA,1987,0.751
United States,USA,1988,6.198
United States,USA,1989,6.988
United States,USA,1990,9.435
United States,USA,1991,3.828
United States,USA,1992,-2.414
United States,USA,1993,2.308
United States,USA,1994,1.288
United States,USA,1995,8.278
United States,USA,1996,3.282
United States,USA,1997,-3.243
United States,USA,1998,1.292
United States,USA,1999,4.921
United States,USA,2000,-1.186
United States,USA,2001,-4.473
United States,USA,2002,5.756
United States,USA,2003,-0.505
United States,USA,2004,1.805
United States,USA,2005,-0.069
United States,USA,2006,3.375
United States,USA,2007,-0.566
United States,USA,2008,3.607
United States,USA,2009,2.729
United States,USA,2010,1.892
United States,USA,2011,4.984
United States,USA,2012,-3.077
United States,USA,2013,3.684
United States,USA,2014,1.457
United States,USA,2015,0.464
United States,USA,2016,5.222
United States,USA,2017,4.456
United States,USA,2018,1.025
United States,USA,2019,0.925
Uzbekistan,UZB,1986,-14.972
Uzbekistan,UZB,1987,46.603
Uzbekistan,UZB,1988,5.809
Uzbekistan,UZB,1989,-23.196
Uzbekistan,UZB,1990,20.825
Uzbekistan,UZB,1991,-9.281
Uzbekistan,UZB,1992,4.145
Uzbekistan,UZB,1993,17.147
Uzbekistan,UZB,1994,-2.745
Uzbekistan,UZB,1995,-13.527
Uzbekistan,UZB,1996,5.446
Uzbekistan,UZB,1997,-11.464
Uzbekistan,UZB,1998,-0.329
Uzbekistan,UZB,1999,-1.146
Uzbekistan,UZB,2000,3.285
Uzbekistan,UZB,2001,1.683
Uzbekistan,UZB,2002,2.145
Uzbekistan,UZB,2003,14.921
Uzbekistan,UZB,2004,-9.823
Uzbekistan,UZB,2005,5.216
Uzbekistan,UZB,2006,-15.456
Uzbekistan,UZB,2007,9.693
Uzbekistan,UZB,2008,-32.498
Uzbekistan,UZB,2009,46.909
Uzbekistan,UZB,2010,25.582
Uzbekistan,UZB,2011,-30.587
Uzbekistan,UZB,2012,10.403
Uzbekistan,UZB,2013,-1.932
Uzbekistan,UZB,2014,-1.946
Uzbekistan,UZB,2015,-3.239
Uzbekistan,UZB,2016,20.988
Uzbekistan,UZB,2017,14.344
Uzbekistan,UZB,2018,-30.418
Uzbekistan,UZB,2019,9.848
Venezuela,VEN,1966,1.899
Venezuela,VEN,1967,17.276
Venezuela,VEN,1968,67.971
Venezuela,VEN,1969,16.084
Venezuela,VEN,1970,28.652
Venezuela,VEN,1971,31.335
Venezuela,VEN,1972,11.688
Venezuela,VEN,1973,3.405
Venezuela,VEN,1974,23.807
Venezuela,VEN,1975,15.882
Venezuela,VEN,1976,18.441
Venezuela,VEN,1977,14.984
Venezuela,VEN,1978,0.567
Venezuela,VEN,1979,16.416
Venezuela,VEN,1980,2.437
Venezuela,VEN,1981,3.435
Venezuela,VEN,1982,4.812
Venezuela,VEN,1983,14.222
Venezuela,VEN,1984,12.069
Venezuela,VEN,1985,11.881
Venezuela,VEN,1986,11.087
Venezuela,VEN,1987,22.592
Venezuela,VEN,1988,10.894
Venezuela,VEN,1989,1.354
Venezuela,VEN,1990,6.684
Venezuela,VEN,1991,20.439
Venezuela,VEN,1992,6.127
Venezuela,VEN,1993,0.438
Venezuela,VEN,1994,8.016
Venezuela,VEN,1995,0.324
Venezuela,VEN,1996,4.659
Venezuela,VEN,1997,6.353
Venezuela,VEN,1998,1.144
Venezuela,VEN,1999,4.622
Venezuela,VEN,2000,3.772
Venezuela,VEN,2001,-4.512
Venezuela,VEN,2002,-2.136
Venezuela,VEN,2003,1.025
Venezuela,VEN,2004,15.028
Venezuela,VEN,2005,9.312
Venezuela,VEN,2006,4.946
Venezuela,VEN,2007,1.354
Venezuela,VEN,2008,3.781
Venezuela,VEN,2009,-1.619
Venezuela,VEN,2010,-11.239
Venezuela,VEN,2011,7.811
Venezuela,VEN,2012,-2.3
Venezuela,VEN,2013,1.428
Venezuela,VEN,2014,-6.148
Venezuela,VEN,2015,-7.344
Venezuela,VEN,2016,-16.433
Venezuela,VEN,2017,-4.459
Venezuela,VEN,2018,-4.458
Venezuela,VEN,2019,10.873
Vietnam,VNM,1966,14.706
Vietnam,VNM,1967,10.256
Vietnam,VNM,1968,11.628
Vietnam,VNM,1969,12.5
Vietnam,VNM,1970,11.111
Vietnam,VNM,1971,2.333
Vietnam,VNM,1972,-31.27
Vietnam,VNM,1973,-0.474
Vietnam,VNM,1974,0
Vietnam,VNM,1975,19.048
Vietnam,VNM,1976,11.4
Vietnam,VNM,1977,7.72
Vietnam,VNM,1978,33.333
Vietnam,VNM,1979,25
Vietnam,VNM,1980,48.8
Vietnam,VNM,1981,1.277
Vietnam,VNM,1982,3.517
Vietnam,VNM,1983,-21.603
Vietnam,VNM,1984,30.744
Vietnam,VNM,1985,-7.63
Vietnam,VNM,1986,-4.739
Vietnam,VNM,1987,-1.635
Vietnam,VNM,1988,29.408
Vietnam,VNM,1989,114.294
Vietnam,VNM,1990,39.891
Vietnam,VNM,1991,17.657
Vietnam,VNM,1992,14.421
Vietnam,VNM,1993,10.196
Vietnam,VNM,1994,16.045
Vietnam,VNM,1995,14.487
Vietnam,VNM,1996,13.476
Vietnam,VNM,1997,-2.923
Vietnam,VNM,1998,-4.821
Vietnam,VNM,1999,24.146
Vietnam,VNM,2000,5.641
Vietnam,VNM,2001,24.333
Vietnam,VNM,2002,-0.711
Vietnam,VNM,2003,3.661
Vietnam,VNM,2004,-6.75
Vietnam,VNM,2005,-7.509
Vietnam,VNM,2006,18.49
Vietnam,VNM,2007,13.144
Vietnam,VNM,2008,14.936
Vietnam,VNM,2009,14.686
Vietnam,VNM,2010,-5.325
Vietnam,VNM,2011,42.972
Vietnam,VNM,2012,28.916
Vietnam,VNM,2013,7.853
Vietnam,VNM,2014,6.857
Vietnam,VNM,2015,-8.374
Vietnam,VNM,2016,14.829
Vietnam,VNM,2017,33.558
Vietnam,VNM,2018,-5.193
Vietnam,VNM,2019,-17.572
World,OWID_WRL,1966,7.379
World,OWID_WRL,1967,2.763
World,OWID_WRL,1968,6.261
World,OWID_WRL,1969,6.463
World,OWID_WRL,1970,6.002
World,OWID_WRL,1971,6.679
World,OWID_WRL,1972,7.477
World,OWID_WRL,1973,4.93
World,OWID_WRL,1974,12.529
World,OWID_WRL,1975,7.01
World,OWID_WRL,1976,3.294
World,OWID_WRL,1977,8.176
World,OWID_WRL,1978,10.256
World,OWID_WRL,1979,4.777
World,OWID_WRL,1980,4.211
World,OWID_WRL,1981,6.813
World,OWID_WRL,1982,4.193
World,OWID_WRL,1983,7.395
World,OWID_WRL,1984,9.812
World,OWID_WRL,1985,8.391
World,OWID_WRL,1986,3.961
World,OWID_WRL,1987,4.699
World,OWID_WRL,1988,5.811
World,OWID_WRL,1989,1.353
World,OWID_WRL,1990,4.288
World,OWID_WRL,1991,3.565
World,OWID_WRL,1992,0.546
World,OWID_WRL,1993,4.714
World,OWID_WRL,1994,1.412
World,OWID_WRL,1995,4.916
World,OWID_WRL,1996,2.446
World,OWID_WRL,1997,0.869
World,OWID_WRL,1998,1.427
World,OWID_WRL,1999,2.406
World,OWID_WRL,2000,2.245
World,OWID_WRL,2001,-0.323
World,OWID_WRL,2002,1.641
World,OWID_WRL,2003,-1.151
World,OWID_WRL,2004,5.852
World,OWID_WRL,2005,1.981
World,OWID_WRL,2006,2.88
World,OWID_WRL,2007,0.844
World,OWID_WRL,2008,4.02
World,OWID_WRL,2009,0.496
World,OWID_WRL,2010,5.412
World,OWID_WRL,2011,0.875
World,OWID_WRL,2012,1.208
World,OWID_WRL,2013,4.522
World,OWID_WRL,2014,3.435
World,OWID_WRL,2015,2.575
World,OWID_WRL,2016,4.088
World,OWID_WRL,2017,4.141
World,OWID_WRL,2018,4.718
World,OWID_WRL,2019,4.844
