Entity,Code,Year,Value
Afghanistan,AFG,2000,20000
Afghanistan,AFG,2001,120000
Afghanistan,AFG,2002,3700000
Afghanistan,AFG,2003,24880000
Afghanistan,AFG,2005,9350000
Afghanistan,AFG,2006,10160000
Afghanistan,AFG,2007,14790000
Afghanistan,AFG,2008,15190000
Afghanistan,AFG,2009,9390000
Afghanistan,AFG,2010,34800000
Afghanistan,AFG,2011,27710000
Afghanistan,AFG,2012,59900000
Afghanistan,AFG,2013,256320000
Afghanistan,AFG,2014,6590000
Afghanistan,AFG,2015,4600000
Afghanistan,AFG,2016,840000
Algeria,DZA,2001,780000
Algeria,DZA,2002,290000
Algeria,DZA,2003,90000
Algeria,DZA,2004,130000
Algeria,DZA,2005,150000
Algeria,DZA,2009,2069999.9999999998
Algeria,DZA,2010,390000
Algeria,DZA,2011,0
Algeria,DZA,2012,940000
Algeria,DZA,2013,940000
Algeria,DZA,2014,930000
Algeria,DZA,2015,880000
Algeria,DZA,2016,160000
Angola,AGO,2003,40000
Angola,AGO,2004,40000
Angola,AGO,2007,720000
Angola,AGO,2010,20000
Angola,AGO,2011,210000
Angola,AGO,2012,10000
Angola,AGO,2015,10000
Angola,AGO,2016,90150000
Anguilla,AIA,2010,50000
Antigua and Barbuda,ATG,2013,2480000
Antigua and Barbuda,ATG,2015,6700000
Argentina,ARG,2001,3720000
Argentina,ARG,2003,50000
Argentina,ARG,2004,39280000
Argentina,ARG,2005,260000
Argentina,ARG,2006,410000
Argentina,ARG,2007,340000
Argentina,ARG,2008,21970000
Argentina,ARG,2009,37430000
Argentina,ARG,2010,980000
Argentina,ARG,2011,66410000
Argentina,ARG,2012,243570000
Argentina,ARG,2013,45980000
Argentina,ARG,2014,4401810000
Argentina,ARG,2015,589080000
Argentina,ARG,2016,240020000
Armenia,ARM,2001,7190000
Armenia,ARM,2002,50000
Armenia,ARM,2003,2670000
Armenia,ARM,2004,9690000
Armenia,ARM,2005,2930000
Armenia,ARM,2006,5660000
Armenia,ARM,2007,1480000
Armenia,ARM,2008,90000
Armenia,ARM,2009,430000
Armenia,ARM,2010,86830000
Armenia,ARM,2011,920000
Armenia,ARM,2012,47460000
Armenia,ARM,2013,24860000
Armenia,ARM,2014,8990000
Armenia,ARM,2015,22360000
Armenia,ARM,2016,113140000
Azerbaijan,AZE,2000,4620000
Azerbaijan,AZE,2005,2140000
Azerbaijan,AZE,2006,460000
Azerbaijan,AZE,2009,160000
Azerbaijan,AZE,2010,179560000
Azerbaijan,AZE,2011,20000
Azerbaijan,AZE,2014,20000
Azerbaijan,AZE,2015,74680000
Azerbaijan,AZE,2016,10000
Bangladesh,BGD,2000,2830000
Bangladesh,BGD,2002,30930000
Bangladesh,BGD,2003,44820000
Bangladesh,BGD,2004,16469999.999999998
Bangladesh,BGD,2005,37280000
Bangladesh,BGD,2006,20000
Bangladesh,BGD,2007,47810000
Bangladesh,BGD,2008,10000
Bangladesh,BGD,2009,26500000
Bangladesh,BGD,2010,180000
Bangladesh,BGD,2011,226990000
Bangladesh,BGD,2012,143100000
Bangladesh,BGD,2013,112610000
Bangladesh,BGD,2014,86810000
Bangladesh,BGD,2015,7250000
Bangladesh,BGD,2016,336460000
Barbados,BRB,2015,70000
Barbados,BRB,2016,8500000
Belize,BLZ,2009,4660000
Belize,BLZ,2015,20000
Belize,BLZ,2016,1600000
Benin,BEN,2002,90000
Benin,BEN,2004,0
Benin,BEN,2006,8189999.999999999
Benin,BEN,2008,540000
Benin,BEN,2009,8490000
Benin,BEN,2010,160000
Benin,BEN,2011,350000
Benin,BEN,2012,70000
Benin,BEN,2014,12190000
Benin,BEN,2015,537880000
Benin,BEN,2016,1210000
Bhutan,BTN,2000,4610000
Bhutan,BTN,2001,2350000
Bhutan,BTN,2002,24360000
Bhutan,BTN,2005,1240000
Bhutan,BTN,2006,110000
Bhutan,BTN,2007,790000
Bhutan,BTN,2008,4050000
Bhutan,BTN,2009,79470000
Bhutan,BTN,2010,21930000
Bhutan,BTN,2011,80000
Bhutan,BTN,2012,3340000
Bhutan,BTN,2013,35500000
Bhutan,BTN,2014,1900000
Bhutan,BTN,2015,121300000
Bhutan,BTN,2016,50000
Bolivia,BOL,2000,80000
Bolivia,BOL,2001,740000
Bolivia,BOL,2002,70000
Bolivia,BOL,2003,15370000
Bolivia,BOL,2004,40000
Bolivia,BOL,2005,130000
Bolivia,BOL,2006,410000
Bolivia,BOL,2007,390000
Bolivia,BOL,2008,800000
Bolivia,BOL,2009,96300000
Bolivia,BOL,2010,5260000
Bolivia,BOL,2011,1320000
Bolivia,BOL,2012,4690000
Bolivia,BOL,2013,67180000
Bolivia,BOL,2014,37710000
Bolivia,BOL,2015,1880000
Bolivia,BOL,2016,1150270000
Botswana,BWA,2000,30000
Botswana,BWA,2004,40000
Botswana,BWA,2005,20000
Botswana,BWA,2006,60000
Botswana,BWA,2007,10000
Botswana,BWA,2009,6460000
Botswana,BWA,2010,10250000
Botswana,BWA,2011,80000
Botswana,BWA,2012,470000
Botswana,BWA,2014,2450000
Botswana,BWA,2016,10000
Brazil,BRA,2000,121830000
Brazil,BRA,2001,5000000
Brazil,BRA,2002,32020000.000000004
Brazil,BRA,2003,7220000
Brazil,BRA,2004,1070000
Brazil,BRA,2005,11230000
Brazil,BRA,2006,1140000
Brazil,BRA,2007,860000
Brazil,BRA,2008,18360000
Brazil,BRA,2009,164790000
Brazil,BRA,2010,135860000
Brazil,BRA,2011,167350000
Brazil,BRA,2012,232650000
Brazil,BRA,2013,146660000
Brazil,BRA,2014,463580000
Brazil,BRA,2015,2170000
Brazil,BRA,2016,154170000
Burkina Faso,BFA,2000,120000
Burkina Faso,BFA,2001,14510000
Burkina Faso,BFA,2002,20000
Burkina Faso,BFA,2004,5040000
Burkina Faso,BFA,2005,15230000
Burkina Faso,BFA,2007,3410000
Burkina Faso,BFA,2008,7580000
Burkina Faso,BFA,2009,680000
Burkina Faso,BFA,2010,1290000
Burkina Faso,BFA,2011,30000
Burkina Faso,BFA,2012,1420000
Burkina Faso,BFA,2013,30760000
Burkina Faso,BFA,2014,36890000
Burkina Faso,BFA,2015,25140000
Burkina Faso,BFA,2016,28100000
Burundi,BDI,2008,10000
Burundi,BDI,2009,80000
Burundi,BDI,2010,13000000
Burundi,BDI,2011,10000
Burundi,BDI,2012,5740000
Burundi,BDI,2013,92930000
Burundi,BDI,2014,134950000
Burundi,BDI,2015,2390000
Burundi,BDI,2016,50000
Cambodia,KHM,2002,42350000
Cambodia,KHM,2003,4440000
Cambodia,KHM,2004,540840000
Cambodia,KHM,2005,1240000
Cambodia,KHM,2006,10290000
Cambodia,KHM,2007,580470000
Cambodia,KHM,2008,62730000
Cambodia,KHM,2009,3750000
Cambodia,KHM,2010,646860000
Cambodia,KHM,2011,1070000
Cambodia,KHM,2012,680000
Cambodia,KHM,2013,490470000
Cambodia,KHM,2014,390000
Cambodia,KHM,2015,7920000
Cambodia,KHM,2016,150270000
Cameroon,CMR,2002,10000
Cameroon,CMR,2003,10000
Cameroon,CMR,2004,20000
Cameroon,CMR,2006,32759999.999999996
Cameroon,CMR,2008,460000
Cameroon,CMR,2009,140000
Cameroon,CMR,2010,51260000
Cameroon,CMR,2011,40000
Cameroon,CMR,2012,828800000
Cameroon,CMR,2013,20000
Cameroon,CMR,2014,9920000
Cameroon,CMR,2015,1980000
Cameroon,CMR,2016,74280000
Cape Verde,CPV,2001,2520000
Cape Verde,CPV,2005,20000
Cape Verde,CPV,2008,420000
Cape Verde,CPV,2009,170000
Cape Verde,CPV,2010,65340000
Cape Verde,CPV,2011,13410000
Cape Verde,CPV,2012,15540000
Cape Verde,CPV,2013,14810000
Cape Verde,CPV,2014,6760000
Cape Verde,CPV,2015,2970000
Cape Verde,CPV,2016,7620000
Central African Republic,CAF,2006,0
Central African Republic,CAF,2009,4019999.9999999995
Central African Republic,CAF,2014,0
Central African Republic,CAF,2015,3810000
Central African Republic,CAF,2016,0
Central and Southern Asia,,2000,566170000
Central and Southern Asia,,2001,536159999.99999994
Central and Southern Asia,,2002,511130000
Central and Southern Asia,,2003,163970000
Central and Southern Asia,,2004,368550000
Central and Southern Asia,,2005,263209999.99999997
Central and Southern Asia,,2006,562090000
Central and Southern Asia,,2007,805020000
Central and Southern Asia,,2008,556270000
Central and Southern Asia,,2009,477110000
Central and Southern Asia,,2010,707680000
Central and Southern Asia,,2011,2505150000
Central and Southern Asia,,2012,3020760000
Central and Southern Asia,,2013,1873290000
Central and Southern Asia,,2014,1881230000
Central and Southern Asia,,2015,4970420000
Central and Southern Asia,,2016,3445130000
Chad,TCD,2001,5550000
Chad,TCD,2007,24470000
Chad,TCD,2011,0
Chad,TCD,2013,30000
Chad,TCD,2014,20000
Chad,TCD,2015,20000
Chad,TCD,2016,39650000
Chile,CHL,2000,430000
Chile,CHL,2001,140000
Chile,CHL,2002,30000
Chile,CHL,2003,70000
Chile,CHL,2004,2670000
Chile,CHL,2005,180000
Chile,CHL,2006,100000
Chile,CHL,2007,9550000
Chile,CHL,2008,61370000
Chile,CHL,2009,52980000
Chile,CHL,2010,3060000
Chile,CHL,2011,64849999.99999999
Chile,CHL,2012,953330000
Chile,CHL,2013,1285840000
Chile,CHL,2014,793270000
Chile,CHL,2015,104490000
Chile,CHL,2016,211940000
China,CHN,2000,234460000
China,CHN,2001,322300000
China,CHN,2002,216860000
China,CHN,2003,21370000
China,CHN,2004,31220000
China,CHN,2005,148660000
China,CHN,2006,99640000
China,CHN,2007,23730000
China,CHN,2008,105860000
China,CHN,2009,56140000
China,CHN,2010,74390000
China,CHN,2011,41210000
China,CHN,2012,96570000
China,CHN,2013,290170000
China,CHN,2014,220420000
China,CHN,2015,88490000
China,CHN,2016,1213800000
Colombia,COL,2002,80000
Colombia,COL,2003,10000
Colombia,COL,2005,214310000
Colombia,COL,2006,1840000
Colombia,COL,2007,750000
Colombia,COL,2008,1070000
Colombia,COL,2009,10000
Colombia,COL,2010,3320000
Colombia,COL,2011,740000
Colombia,COL,2012,1780000
Colombia,COL,2013,310000
Colombia,COL,2014,52260000
Colombia,COL,2015,21840000
Colombia,COL,2016,1395300000
Comoros,COM,2012,300000
Comoros,COM,2013,20000
Comoros,COM,2014,120000
Comoros,COM,2015,960000
Comoros,COM,2016,10000
Congo,COG,2000,140000
Congo,COG,2003,491200000
Congo,COG,2013,1810000
Congo,COG,2014,0
Congo,COG,2016,80000
Cook Islands,COK,2011,3370000
Cook Islands,COK,2012,4870000
Cook Islands,COK,2013,7250000
Cook Islands,COK,2014,14540000
Cook Islands,COK,2015,17420000
Cook Islands,COK,2016,4260000
Costa Rica,CRI,2000,90000
Costa Rica,CRI,2001,139980000
Costa Rica,CRI,2003,15970000
Costa Rica,CRI,2004,80000
Costa Rica,CRI,2005,100000
Costa Rica,CRI,2006,80000
Costa Rica,CRI,2007,660000
Costa Rica,CRI,2008,80000
Costa Rica,CRI,2009,10000
Costa Rica,CRI,2010,7630000
Costa Rica,CRI,2011,125500000
Costa Rica,CRI,2012,524320000.00000006
Costa Rica,CRI,2013,113830000
Costa Rica,CRI,2014,160450000
Costa Rica,CRI,2015,412490000
Costa Rica,CRI,2016,148770000
Cote d'Ivoire,CIV,2000,13120000
Cote d'Ivoire,CIV,2010,860000
Cote d'Ivoire,CIV,2011,14610000
Cote d'Ivoire,CIV,2012,250000
Cote d'Ivoire,CIV,2013,475890000
Cote d'Ivoire,CIV,2015,760000
Cote d'Ivoire,CIV,2016,33490000.000000004
Cuba,CUB,2000,750000
Cuba,CUB,2001,4380000
Cuba,CUB,2002,1620000
Cuba,CUB,2003,340000
Cuba,CUB,2004,870000
Cuba,CUB,2005,380000
Cuba,CUB,2006,370000
Cuba,CUB,2007,10000
Cuba,CUB,2008,40000
Cuba,CUB,2009,850000
Cuba,CUB,2010,3930000
Cuba,CUB,2011,1240000
Cuba,CUB,2012,390000
Cuba,CUB,2013,2980000
Cuba,CUB,2014,40000
Cuba,CUB,2015,73060000
Cuba,CUB,2016,29750000
Democratic Republic of Congo,COD,2001,40000
Democratic Republic of Congo,COD,2002,60000
Democratic Republic of Congo,COD,2005,1210000
Democratic Republic of Congo,COD,2007,201800000
Democratic Republic of Congo,COD,2008,52150000
Democratic Republic of Congo,COD,2009,50000
Democratic Republic of Congo,COD,2010,380000
Democratic Republic of Congo,COD,2011,1234940000
Democratic Republic of Congo,COD,2012,70000
Democratic Republic of Congo,COD,2013,24070000
Democratic Republic of Congo,COD,2014,69490000
Democratic Republic of Congo,COD,2015,590000
Democratic Republic of Congo,COD,2016,22270000
Djibouti,DJI,2005,5700000
Djibouti,DJI,2009,5570000
Djibouti,DJI,2010,11930000
Djibouti,DJI,2011,10000
Djibouti,DJI,2012,9100000
Djibouti,DJI,2013,7920000
Djibouti,DJI,2014,3030000
Djibouti,DJI,2015,3710000
Djibouti,DJI,2016,1270000
Dominica,DMA,2013,7340000
Dominica,DMA,2014,1640000
Dominican Republic,DOM,2000,10410000
Dominican Republic,DOM,2001,3920000
Dominican Republic,DOM,2002,630000
Dominican Republic,DOM,2004,440000
Dominican Republic,DOM,2005,6050000
Dominican Republic,DOM,2006,500000
Dominican Republic,DOM,2007,360000
Dominican Republic,DOM,2008,140000
Dominican Republic,DOM,2009,290000
Dominican Republic,DOM,2010,75260000
Dominican Republic,DOM,2011,230000
Dominican Republic,DOM,2012,1330000
Dominican Republic,DOM,2013,20000
Dominican Republic,DOM,2014,420000
Dominican Republic,DOM,2015,70000
Dominican Republic,DOM,2016,78590000
Eastern and South-Eastern Asia,,2000,394040000
Eastern and South-Eastern Asia,,2001,435040000
Eastern and South-Eastern Asia,,2002,375230000
Eastern and South-Eastern Asia,,2003,673710000
Eastern and South-Eastern Asia,,2004,1159200000
Eastern and South-Eastern Asia,,2005,409840000
Eastern and South-Eastern Asia,,2006,403640000
Eastern and South-Eastern Asia,,2007,1299790000
Eastern and South-Eastern Asia,,2008,381280000
Eastern and South-Eastern Asia,,2009,924260000
Eastern and South-Eastern Asia,,2010,900340000
Eastern and South-Eastern Asia,,2011,1506290000
Eastern and South-Eastern Asia,,2012,391340000
Eastern and South-Eastern Asia,,2013,2011760000
Eastern and South-Eastern Asia,,2014,975530000
Eastern and South-Eastern Asia,,2015,675790000
Eastern and South-Eastern Asia,,2016,2847100000
Ecuador,ECU,2000,2080000
Ecuador,ECU,2001,2060000
Ecuador,ECU,2002,800000
Ecuador,ECU,2003,330000
Ecuador,ECU,2004,300000
Ecuador,ECU,2005,8060000.000000001
Ecuador,ECU,2006,10000
Ecuador,ECU,2008,2630000
Ecuador,ECU,2009,1200000
Ecuador,ECU,2010,2672280000
Ecuador,ECU,2011,746560000
Ecuador,ECU,2012,25360000
Ecuador,ECU,2013,316380000
Ecuador,ECU,2014,482300000
Ecuador,ECU,2015,29930000
Ecuador,ECU,2016,129259999.99999999
Egypt,EGY,2000,10200000
Egypt,EGY,2001,29680000
Egypt,EGY,2002,510000
Egypt,EGY,2003,203910000
Egypt,EGY,2004,45310000
Egypt,EGY,2005,96320000
Egypt,EGY,2006,480000
Egypt,EGY,2007,92800000
Egypt,EGY,2008,85680000
Egypt,EGY,2009,247200000
Egypt,EGY,2010,992430000
Egypt,EGY,2011,113310000
Egypt,EGY,2012,14180000
Egypt,EGY,2013,153230000
Egypt,EGY,2014,80000
Egypt,EGY,2015,273190000
Egypt,EGY,2016,303830000
El Salvador,SLV,2004,1240000
El Salvador,SLV,2006,0
El Salvador,SLV,2007,240000
El Salvador,SLV,2008,20000
El Salvador,SLV,2009,100000
El Salvador,SLV,2010,54060000
El Salvador,SLV,2011,930000
El Salvador,SLV,2012,1390000
El Salvador,SLV,2013,64569999.99999999
El Salvador,SLV,2014,112210000
El Salvador,SLV,2015,73880000
El Salvador,SLV,2016,197660000
Equatorial Guinea,GNQ,2001,170000
Equatorial Guinea,GNQ,2002,160000
Equatorial Guinea,GNQ,2003,40000
Equatorial Guinea,GNQ,2006,442410000
Equatorial Guinea,GNQ,2013,3290000
Equatorial Guinea,GNQ,2015,20000
Eritrea,ERI,2007,490000
Eritrea,ERI,2008,70000
Eritrea,ERI,2009,30000
Eritrea,ERI,2010,50000
Eritrea,ERI,2011,240000
Eritrea,ERI,2015,13870000
Eswatini,SWZ,2003,9280000
Eswatini,SWZ,2015,1000000
Ethiopia,ETH,2000,1410000
Ethiopia,ETH,2001,750000
Ethiopia,ETH,2002,90570000
Ethiopia,ETH,2003,7430000
Ethiopia,ETH,2004,610000
Ethiopia,ETH,2005,348550000
Ethiopia,ETH,2006,390000
Ethiopia,ETH,2007,194410000
Ethiopia,ETH,2008,310000
Ethiopia,ETH,2009,447940000
Ethiopia,ETH,2010,88590000
Ethiopia,ETH,2011,103960000
Ethiopia,ETH,2012,51730000
Ethiopia,ETH,2013,279830000
Ethiopia,ETH,2014,187110000
Ethiopia,ETH,2015,309240000
Ethiopia,ETH,2016,51980000
Federated States of Micronesia,,2005,5210000
Federated States of Micronesia,,2007,0
Federated States of Micronesia,,2009,13720000
Federated States of Micronesia,,2012,20000
Federated States of Micronesia,,2013,5520000
Federated States of Micronesia,,2014,780000
Federated States of Micronesia,,2015,3910000
Federated States of Micronesia,,2016,10000
Fiji,FJI,2004,300000
Fiji,FJI,2005,260000
Fiji,FJI,2007,50000
Fiji,FJI,2009,91390000
Fiji,FJI,2011,10000
Fiji,FJI,2012,110000
Fiji,FJI,2013,4530000
Fiji,FJI,2014,6430000
Fiji,FJI,2015,1660000
Fiji,FJI,2016,180000
French Polynesia,PYF,2012,230000
Gabon,GAB,2008,387170000
Gabon,GAB,2010,6240000
Gabon,GAB,2013,20000
Gabon,GAB,2014,10000
Gabon,GAB,2015,12590000
Gabon,GAB,2016,39070000
Gambia,GMB,2002,10000
Gambia,GMB,2011,10000
Georgia,GEO,2001,17130000
Georgia,GEO,2003,1790000
Georgia,GEO,2004,3240000
Georgia,GEO,2005,9030000
Georgia,GEO,2006,2470000
Georgia,GEO,2009,970000
Georgia,GEO,2010,8170000
Georgia,GEO,2011,88660000
Georgia,GEO,2012,34890000
Georgia,GEO,2013,9390000
Georgia,GEO,2014,187510000
Georgia,GEO,2015,6370000
Georgia,GEO,2016,86830000
Ghana,GHA,2000,4010000
Ghana,GHA,2001,960000
Ghana,GHA,2002,20000
Ghana,GHA,2003,320000
Ghana,GHA,2004,250000
Ghana,GHA,2005,350000
Ghana,GHA,2006,26000000
Ghana,GHA,2007,466500000
Ghana,GHA,2008,7400000
Ghana,GHA,2009,620000
Ghana,GHA,2010,23950000
Ghana,GHA,2011,1350000
Ghana,GHA,2012,790000
Ghana,GHA,2013,2230000
Ghana,GHA,2014,7160000
Ghana,GHA,2015,57790000
Ghana,GHA,2016,484010000
Grenada,GRD,2003,430000
Grenada,GRD,2011,2920000
Grenada,GRD,2014,110000
Grenada,GRD,2015,1630000
Guatemala,GTM,2005,30000
Guatemala,GTM,2006,0
Guatemala,GTM,2008,60000
Guatemala,GTM,2009,20000
Guatemala,GTM,2010,9590000
Guatemala,GTM,2011,4130000
Guatemala,GTM,2012,53870000
Guatemala,GTM,2013,480000
Guatemala,GTM,2014,22810000
Guatemala,GTM,2015,20000
Guatemala,GTM,2016,13350000
Guinea,GIN,2000,210000
Guinea,GIN,2001,520000
Guinea,GIN,2002,4720000
Guinea,GIN,2006,2390000
Guinea,GIN,2007,480000
Guinea,GIN,2008,10000
Guinea,GIN,2011,348050000
Guinea,GIN,2012,5750000
Guinea,GIN,2014,60000
Guinea,GIN,2015,1150000
Guinea,GIN,2016,135050000
Guinea-Bissau,GNB,2001,3160000
Guinea-Bissau,GNB,2002,4390000
Guinea-Bissau,GNB,2004,160000
Guinea-Bissau,GNB,2009,30000
Guinea-Bissau,GNB,2010,20000
Guinea-Bissau,GNB,2011,210000
Guinea-Bissau,GNB,2012,100000
Guinea-Bissau,GNB,2013,180000
Guinea-Bissau,GNB,2014,190000
Guinea-Bissau,GNB,2016,390000
Guyana,GUY,2001,4970000
Guyana,GUY,2005,30000
Guyana,GUY,2010,1140000
Guyana,GUY,2012,80000
Guyana,GUY,2013,20000
Guyana,GUY,2014,20000
Guyana,GUY,2015,1420000
Haiti,HTI,2000,790000
Haiti,HTI,2005,300000
Haiti,HTI,2008,0
Haiti,HTI,2009,14250000
Haiti,HTI,2010,2220000
Haiti,HTI,2011,29780000
Haiti,HTI,2012,9630000
Haiti,HTI,2013,13080000
Haiti,HTI,2014,780000
Haiti,HTI,2015,46570000
Haiti,HTI,2016,8230000
Honduras,HND,2000,31190000
Honduras,HND,2003,200000
Honduras,HND,2005,5630000
Honduras,HND,2007,20000
Honduras,HND,2008,20000
Honduras,HND,2009,130000
Honduras,HND,2010,123850000
Honduras,HND,2011,12540000
Honduras,HND,2012,22390000
Honduras,HND,2013,335890000
Honduras,HND,2014,168930000
Honduras,HND,2015,361840000
Honduras,HND,2016,205220000
India,IND,2000,467910000
India,IND,2001,181380000
India,IND,2002,16260000.000000002
India,IND,2003,10110000
India,IND,2004,345280000
India,IND,2005,146570000
India,IND,2006,160790000
India,IND,2007,446010000
India,IND,2008,312140000
India,IND,2009,205090000
India,IND,2010,295510000
India,IND,2011,1830990000
India,IND,2012,1076950000
India,IND,2013,494190000
India,IND,2014,682070000
India,IND,2015,858350000
India,IND,2016,2049820000.0000002
Indonesia,IDN,2000,2200000
Indonesia,IDN,2001,4870000
Indonesia,IDN,2002,110000
Indonesia,IDN,2003,193280000
Indonesia,IDN,2004,51610000
Indonesia,IDN,2005,188110000
Indonesia,IDN,2006,255580000
Indonesia,IDN,2007,619250000
Indonesia,IDN,2008,18020000
Indonesia,IDN,2009,27880000
Indonesia,IDN,2010,44310000
Indonesia,IDN,2011,918770000
Indonesia,IDN,2012,15830000
Indonesia,IDN,2013,237430000
Indonesia,IDN,2014,306090000
Indonesia,IDN,2015,360180000
Indonesia,IDN,2016,326220000
Iran,IRN,2000,62180000
Iran,IRN,2009,20000
Iran,IRN,2010,0
Iran,IRN,2014,90000
Iran,IRN,2015,200000
Iran,IRN,2016,80000
Iraq,IRQ,2003,22530000
Iraq,IRQ,2006,41510000
Iraq,IRQ,2007,33560000
Iraq,IRQ,2008,80000
Iraq,IRQ,2009,140000
Iraq,IRQ,2010,158310000
Iraq,IRQ,2012,2160000
Iraq,IRQ,2014,20000
Iraq,IRQ,2016,250000000
Jamaica,JAM,2000,4860000
Jamaica,JAM,2001,8420000
Jamaica,JAM,2008,380000
Jamaica,JAM,2009,110000
Jamaica,JAM,2010,160000
Jamaica,JAM,2011,8500000
Jamaica,JAM,2012,120000
Jamaica,JAM,2014,54810000
Jamaica,JAM,2015,58740000
Jamaica,JAM,2016,16840000
Jordan,JOR,2002,30000
Jordan,JOR,2003,230000
Jordan,JOR,2005,20000
Jordan,JOR,2007,180000
Jordan,JOR,2008,80000
Jordan,JOR,2009,13400000
Jordan,JOR,2010,6820000
Jordan,JOR,2011,44400000
Jordan,JOR,2012,10000
Jordan,JOR,2013,134760000
Jordan,JOR,2014,149000000
Jordan,JOR,2015,158400000
Jordan,JOR,2016,481960000
Kazakhstan,KAZ,2006,344290000
Kazakhstan,KAZ,2007,54130000
Kazakhstan,KAZ,2008,2510000
Kazakhstan,KAZ,2010,1330000
Kazakhstan,KAZ,2011,1620000
Kazakhstan,KAZ,2012,26380000
Kazakhstan,KAZ,2013,20000
Kazakhstan,KAZ,2014,35950000
Kazakhstan,KAZ,2015,42630000
Kazakhstan,KAZ,2016,44010000
Kenya,KEN,2000,90000
Kenya,KEN,2003,310000
Kenya,KEN,2004,133449999.99999999
Kenya,KEN,2005,41590000
Kenya,KEN,2006,10000
Kenya,KEN,2007,58410000
Kenya,KEN,2008,28790000
Kenya,KEN,2009,33760000
Kenya,KEN,2010,708700000
Kenya,KEN,2011,482850000
Kenya,KEN,2012,201910000
Kenya,KEN,2013,15490000
Kenya,KEN,2014,762970000
Kenya,KEN,2015,515530000
Kenya,KEN,2016,689500000
Kiribati,KIR,2009,4870000
Kiribati,KIR,2010,940000
Kiribati,KIR,2013,4520000
Kiribati,KIR,2014,4170000
Kiribati,KIR,2016,0
Kyrgyzstan,KGZ,2000,8150000
Kyrgyzstan,KGZ,2004,40000
Kyrgyzstan,KGZ,2008,400000
Kyrgyzstan,KGZ,2009,170000
Kyrgyzstan,KGZ,2010,1500000
Kyrgyzstan,KGZ,2011,23380000
Kyrgyzstan,KGZ,2012,580000
Kyrgyzstan,KGZ,2013,13650000
Kyrgyzstan,KGZ,2015,20000
Kyrgyzstan,KGZ,2016,36670000
Landlocked developing countries,,2000,71030000
Landlocked developing countries,,2001,57250000
Landlocked developing countries,,2002,183910000
Landlocked developing countries,,2003,147330000
Landlocked developing countries,,2004,330240000
Landlocked developing countries,,2005,495390000
Landlocked developing countries,,2006,610530000
Landlocked developing countries,,2007,830280000
Landlocked developing countries,,2008,182980000
Landlocked developing countries,,2009,1228750000
Landlocked developing countries,,2010,917000000
Landlocked developing countries,,2011,490830000
Landlocked developing countries,,2012,632550000
Landlocked developing countries,,2013,4418290000
Landlocked developing countries,,2014,1455740000
Landlocked developing countries,,2015,2998330000
Landlocked developing countries,,2016,2587840000
Laos,LAO,2002,10250000
Laos,LAO,2003,160000
Laos,LAO,2004,306910000
Laos,LAO,2005,51460000
Laos,LAO,2006,3060000
Laos,LAO,2007,2040000
Laos,LAO,2008,1520000
Laos,LAO,2009,392170000
Laos,LAO,2010,10380000
Laos,LAO,2011,7470000
Laos,LAO,2012,128050000.00000001
Laos,LAO,2013,699010000
Laos,LAO,2014,188300000
Laos,LAO,2015,80550000
Laos,LAO,2016,518309999.99999994
"Latin America and the Caribbean	,,2000,178860000"
"Latin America and the Caribbean	,,2001,179810000"
"Latin America and the Caribbean	,,2002,136560000"
"Latin America and the Caribbean	,,2003,82110000"
"Latin America and the Caribbean	,,2004,50140000"
"Latin America and the Caribbean	,,2005,279310000"
"Latin America and the Caribbean	,,2006,1134850000"
"Latin America and the Caribbean	,,2007,77440000"
"Latin America and the Caribbean	,,2008,134370000"
"Latin America and the Caribbean	,,2009,398820000"
"Latin America and the Caribbean	,,2010,4518480000"
"Latin America and the Caribbean	,,2011,1986260000"
"Latin America and the Caribbean	,,2012,3205900000"
"Latin America and the Caribbean	,,2013,3109930000"
"Latin America and the Caribbean	,,2014,7771990000"
"Latin America and the Caribbean	,,2015,2478340000"
"Latin America and the Caribbean	,,2016,5220950000"
Least Developed Countries (LDCs),,2000,58850000
Least Developed Countries (LDCs),,2001,66099999.99999999
Least Developed Countries (LDCs),,2002,278430000
Least Developed Countries (LDCs),,2003,1855050000
Least Developed Countries (LDCs),,2004,923920000
Least Developed Countries (LDCs),,2005,598180000
Least Developed Countries (LDCs),,2006,589450000
Least Developed Countries (LDCs),,2007,1634220000
Least Developed Countries (LDCs),,2008,340520000
Least Developed Countries (LDCs),,2009,1226860000
Least Developed Countries (LDCs),,2010,1473830000
Least Developed Countries (LDCs),,2011,2459190000
Least Developed Countries (LDCs),,2012,832280000
Least Developed Countries (LDCs),,2013,4791280000
Least Developed Countries (LDCs),,2014,1712720000
Least Developed Countries (LDCs),,2015,3927210000
Least Developed Countries (LDCs),,2016,2534770000
Lebanon,LBN,2004,70000
Lebanon,LBN,2007,790000
Lebanon,LBN,2009,380000
Lebanon,LBN,2010,1590000
Lebanon,LBN,2012,1360000
Lebanon,LBN,2013,20000
Lebanon,LBN,2014,2240000
Lebanon,LBN,2015,35130000
Lebanon,LBN,2016,22690000
Lesotho,LSO,2004,50000
Lesotho,LSO,2005,80000
Lesotho,LSO,2006,50000
Lesotho,LSO,2007,10000
Lesotho,LSO,2009,810000
Lesotho,LSO,2010,40000
Lesotho,LSO,2011,2820000
Lesotho,LSO,2012,210000
Lesotho,LSO,2013,90000
Lesotho,LSO,2014,8910000
Lesotho,LSO,2015,40000
Lesotho,LSO,2016,0
Liberia,LBR,2007,630000
Liberia,LBR,2008,160000
Liberia,LBR,2011,97140000
Liberia,LBR,2012,20000
Liberia,LBR,2013,80740000
Liberia,LBR,2014,180000
Liberia,LBR,2015,239120000
Liberia,LBR,2016,9720000
Madagascar,MDG,2002,10000
Madagascar,MDG,2004,8000000
Madagascar,MDG,2005,3020000
Madagascar,MDG,2006,6860000
Madagascar,MDG,2007,8199999.999999999
Madagascar,MDG,2008,2550000
Madagascar,MDG,2011,7070000
Madagascar,MDG,2012,50000
Madagascar,MDG,2013,2660000
Madagascar,MDG,2014,13580000
Madagascar,MDG,2015,5070000
Madagascar,MDG,2016,21420000
Malawi,MWI,2000,6540000
Malawi,MWI,2003,510000
Malawi,MWI,2004,60000
Malawi,MWI,2005,60000
Malawi,MWI,2006,50000
Malawi,MWI,2007,60000
Malawi,MWI,2009,70000
Malawi,MWI,2010,14660000
Malawi,MWI,2011,2320000
Malawi,MWI,2012,1660000
Malawi,MWI,2013,34070000
Malawi,MWI,2014,1900000
Malawi,MWI,2015,62940000
Malawi,MWI,2016,330000
Malaysia,MYS,2000,141040000
Malaysia,MYS,2002,20000
Malaysia,MYS,2004,260000
Malaysia,MYS,2006,10000
Malaysia,MYS,2007,10000
Malaysia,MYS,2009,30000
Malaysia,MYS,2010,140000
Malaysia,MYS,2011,60000
Malaysia,MYS,2012,3850000
Malaysia,MYS,2013,70000
Malaysia,MYS,2014,160000
Malaysia,MYS,2015,170000
Malaysia,MYS,2016,1290000
Maldives,MDV,2000,4610000
Maldives,MDV,2008,110000
Maldives,MDV,2009,450000
Maldives,MDV,2010,9700000
Maldives,MDV,2011,10000
Maldives,MDV,2012,30000
Maldives,MDV,2014,40970000
Maldives,MDV,2015,5970000
Maldives,MDV,2016,10000
Mali,MLI,2000,3360000
Mali,MLI,2001,9630000
Mali,MLI,2002,10000
Mali,MLI,2003,20000
Mali,MLI,2004,60000
Mali,MLI,2005,5570000
Mali,MLI,2006,30050000
Mali,MLI,2007,90000
Mali,MLI,2008,50000
Mali,MLI,2009,36840000
Mali,MLI,2010,20000
Mali,MLI,2011,220000
Mali,MLI,2012,170000
Mali,MLI,2013,439920000
Mali,MLI,2014,94650000
Mali,MLI,2015,9080000
Mali,MLI,2016,58790000
Marshall Islands,MHL,2005,2940000
Marshall Islands,MHL,2007,860000
Marshall Islands,MHL,2009,10190000
Marshall Islands,MHL,2011,160000
Marshall Islands,MHL,2012,20000
Marshall Islands,MHL,2013,1210000
Marshall Islands,MHL,2014,10000
Marshall Islands,MHL,2015,3980000
Marshall Islands,MHL,2016,260000
Mauritania,MRT,2001,190000
Mauritania,MRT,2006,23350000
Mauritania,MRT,2007,70000
Mauritania,MRT,2011,10000
Mauritania,MRT,2012,64879999.99999999
Mauritania,MRT,2013,66010000.00000001
Mauritania,MRT,2014,12480000
Mauritania,MRT,2015,120000
Mauritania,MRT,2016,171030000
Mauritius,MUS,2010,1960000
Mauritius,MUS,2011,116360000
Mauritius,MUS,2013,56430000
Mauritius,MUS,2014,50500000
Mauritius,MUS,2015,8930000
Mauritius,MUS,2016,28210000
Mexico,MEX,2000,2320000
Mexico,MEX,2001,3220000
Mexico,MEX,2002,13640000
Mexico,MEX,2003,250000
Mexico,MEX,2004,500000
Mexico,MEX,2005,32299999.999999996
Mexico,MEX,2006,31450000
Mexico,MEX,2007,150000
Mexico,MEX,2008,6410000
Mexico,MEX,2009,4150000.0000000005
Mexico,MEX,2010,45260000
Mexico,MEX,2011,960000
Mexico,MEX,2012,351300000
Mexico,MEX,2013,41210000
Mexico,MEX,2014,366640000
Mexico,MEX,2015,195490000
Mexico,MEX,2016,430590000
Mongolia,MNG,2000,4860000
Mongolia,MNG,2001,1590000
Mongolia,MNG,2002,1320000
Mongolia,MNG,2003,5340000
Mongolia,MNG,2005,2620000
Mongolia,MNG,2006,5830000
Mongolia,MNG,2007,12060000
Mongolia,MNG,2008,4300000
Mongolia,MNG,2009,11820000
Mongolia,MNG,2010,11470000
Mongolia,MNG,2012,27160000
Mongolia,MNG,2013,140000
Mongolia,MNG,2014,10000
Mongolia,MNG,2015,890000
Mongolia,MNG,2016,193370000
Montserrat,MSR,2008,1270000
Montserrat,MSR,2011,90000
Montserrat,MSR,2012,6670000
Montserrat,MSR,2013,560000
Montserrat,MSR,2014,950000
Montserrat,MSR,2015,1990000
Montserrat,MSR,2016,7920000
Morocco,MAR,2000,250000
Morocco,MAR,2001,1420000
Morocco,MAR,2002,12800000
Morocco,MAR,2003,520000
Morocco,MAR,2004,144170000
Morocco,MAR,2005,178480000
Morocco,MAR,2006,65930000.00000001
Morocco,MAR,2007,171670000
Morocco,MAR,2008,216540000
Morocco,MAR,2009,115280000
Morocco,MAR,2010,8320000
Morocco,MAR,2011,208680000
Morocco,MAR,2012,987160000
Morocco,MAR,2013,5670000
Morocco,MAR,2014,1360840000
Morocco,MAR,2015,223510000
Morocco,MAR,2016,444280000
Mozambique,MOZ,2000,40000
Mozambique,MOZ,2001,390000
Mozambique,MOZ,2002,12620000
Mozambique,MOZ,2003,3860000
Mozambique,MOZ,2004,1310000
Mozambique,MOZ,2005,840000
Mozambique,MOZ,2006,50000
Mozambique,MOZ,2007,4590000
Mozambique,MOZ,2008,5960000
Mozambique,MOZ,2009,1930000
Mozambique,MOZ,2010,89540000
Mozambique,MOZ,2011,15080000
Mozambique,MOZ,2012,70810000
Mozambique,MOZ,2013,36410000
Mozambique,MOZ,2014,8950000
Mozambique,MOZ,2015,60590000
Mozambique,MOZ,2016,30670000
Myanmar,MMR,2002,5350000
Myanmar,MMR,2003,413460000
Myanmar,MMR,2004,70000
Myanmar,MMR,2010,90000
Myanmar,MMR,2012,10000
Myanmar,MMR,2013,64010000.00000001
Myanmar,MMR,2014,10570000
Myanmar,MMR,2015,55670000
Myanmar,MMR,2016,3730000
Namibia,NAM,2000,100000
Namibia,NAM,2001,210000
Namibia,NAM,2002,30000
Namibia,NAM,2003,30000
Namibia,NAM,2004,90000
Namibia,NAM,2005,380000
Namibia,NAM,2006,210000
Namibia,NAM,2007,10000
Namibia,NAM,2008,43780000
Namibia,NAM,2010,44370000
Namibia,NAM,2011,50000
Namibia,NAM,2012,540000
Namibia,NAM,2014,70000
Namibia,NAM,2016,11160000
Nauru,NRU,2005,1950000
Nauru,NRU,2007,330000
Nauru,NRU,2014,10000
Nauru,NRU,2015,8410000
Nauru,NRU,2016,2800000
Nepal,NPL,2000,11050000
Nepal,NPL,2001,4880000
Nepal,NPL,2002,39410000
Nepal,NPL,2003,59900000
Nepal,NPL,2004,5000000
Nepal,NPL,2005,37340000
Nepal,NPL,2006,17730000
Nepal,NPL,2007,58330000
Nepal,NPL,2008,51820000
Nepal,NPL,2009,49080000
Nepal,NPL,2010,22330000
Nepal,NPL,2011,212460000
Nepal,NPL,2012,28020000
Nepal,NPL,2013,313050000
Nepal,NPL,2014,368500000
Nepal,NPL,2015,14610000
Nepal,NPL,2016,27780000
Nicaragua,NIC,2000,20000
Nicaragua,NIC,2001,20000
Nicaragua,NIC,2002,650000
Nicaragua,NIC,2003,14840000
Nicaragua,NIC,2004,170000
Nicaragua,NIC,2005,40000
Nicaragua,NIC,2006,50000
Nicaragua,NIC,2007,90000
Nicaragua,NIC,2008,1880000
Nicaragua,NIC,2009,8560000
Nicaragua,NIC,2010,127200000
Nicaragua,NIC,2011,38370000
Nicaragua,NIC,2012,67980000
Nicaragua,NIC,2013,123330000
Nicaragua,NIC,2014,92980000
Nicaragua,NIC,2015,64860000
Nicaragua,NIC,2016,135860000
Niger,NER,2000,180000
Niger,NER,2001,3310000
Niger,NER,2002,1320000
Niger,NER,2005,40000
Niger,NER,2006,90000
Niger,NER,2008,10000
Niger,NER,2012,126890000
Niger,NER,2014,39420000
Niger,NER,2016,1130000
Nigeria,NGA,2002,0
Nigeria,NGA,2004,180000
Nigeria,NGA,2005,17780000
Nigeria,NGA,2006,1230000
Nigeria,NGA,2007,550000
Nigeria,NGA,2010,550000
Nigeria,NGA,2011,18950000
Nigeria,NGA,2012,20240000
Nigeria,NGA,2013,930700000
Nigeria,NGA,2014,23820000
Nigeria,NGA,2015,45220000
Nigeria,NGA,2016,58640000
Niue,NIU,2005,2300000
Niue,NIU,2009,3030000
Niue,NIU,2013,340000
Niue,NIU,2015,10000
Niue,NIU,2016,240000
North Korea,PRK,2002,40000
North Korea,PRK,2004,360000
North Korea,PRK,2005,130000
North Korea,PRK,2006,80000
North Korea,PRK,2011,0
North Korea,PRK,2012,20000
North Korea,PRK,2013,30000
North Korea,PRK,2015,0
North Korea,PRK,2016,330000
Northern Africa and Western Asia,,2000,146770000
Northern Africa and Western Asia,,2001,60730000
Northern Africa and Western Asia,,2002,18740000
Northern Africa and Western Asia,,2003,1486960000
Northern Africa and Western Asia,,2004,326630000
Northern Africa and Western Asia,,2005,307070000
Northern Africa and Western Asia,,2006,140160000
Northern Africa and Western Asia,,2007,309350000
Northern Africa and Western Asia,,2008,591240000
Northern Africa and Western Asia,,2009,990550000
Northern Africa and Western Asia,,2010,1932710000
Northern Africa and Western Asia,,2011,1249970000
Northern Africa and Western Asia,,2012,1604760000
Northern Africa and Western Asia,,2013,917870000
Northern Africa and Western Asia,,2014,2465680000
Northern Africa and Western Asia,,2015,1254890000
Northern Africa and Western Asia,,2016,3121140000
Oceania (exc. Australia and New Zealand),,2002,50000
Oceania (exc. Australia and New Zealand),,2003,50000
Oceania (exc. Australia and New Zealand),,2004,360000
Oceania (exc. Australia and New Zealand),,2005,15570000
Oceania (exc. Australia and New Zealand),,2006,430000
Oceania (exc. Australia and New Zealand),,2007,14350000
Oceania (exc. Australia and New Zealand),,2008,200000
Oceania (exc. Australia and New Zealand),,2009,131060000
Oceania (exc. Australia and New Zealand),,2010,9000000
Oceania (exc. Australia and New Zealand),,2011,56790000
Oceania (exc. Australia and New Zealand),,2012,20220000
Oceania (exc. Australia and New Zealand),,2013,62240000
Oceania (exc. Australia and New Zealand),,2014,100680000
Oceania (exc. Australia and New Zealand),,2015,85860000
Oceania (exc. Australia and New Zealand),,2016,48550000
Pakistan,PAK,2000,40000
Pakistan,PAK,2001,343690000
Pakistan,PAK,2002,170000
Pakistan,PAK,2003,2610000
Pakistan,PAK,2004,40000
Pakistan,PAK,2005,3810000
Pakistan,PAK,2006,6400000
Pakistan,PAK,2007,117520000
Pakistan,PAK,2008,129930000
Pakistan,PAK,2009,79970000
Pakistan,PAK,2010,253850000
Pakistan,PAK,2011,151840000
Pakistan,PAK,2012,1337660000
Pakistan,PAK,2013,231060000
Pakistan,PAK,2014,528150000
Pakistan,PAK,2015,3865050000
Pakistan,PAK,2016,866980000
Palau,PLW,2005,2170000
Palau,PLW,2007,370000
Palau,PLW,2009,7320000
Palau,PLW,2011,0
Palau,PLW,2013,10000
Palau,PLW,2015,4990000
Palau,PLW,2016,10000
Palestine,PSE,2000,30000
Palestine,PSE,2001,30000
Palestine,PSE,2005,30000
Palestine,PSE,2007,380000
Palestine,PSE,2008,80000
Palestine,PSE,2009,5480000
Palestine,PSE,2010,1310000
Palestine,PSE,2011,740000
Palestine,PSE,2012,1240000
Palestine,PSE,2013,900000
Palestine,PSE,2014,1880000
Palestine,PSE,2015,22010000
Palestine,PSE,2016,2780000
Panama,PAN,2001,220000
Panama,PAN,2006,0
Panama,PAN,2008,10000
Panama,PAN,2009,10000
Panama,PAN,2010,8710000
Panama,PAN,2011,63340000
Panama,PAN,2013,1740000
Panama,PAN,2014,176540000
Panama,PAN,2015,45710000
Panama,PAN,2016,351840000
Papua New Guinea,PNG,2004,10000
Papua New Guinea,PNG,2007,30000
Papua New Guinea,PNG,2008,30000
Papua New Guinea,PNG,2011,36200000
Papua New Guinea,PNG,2013,6180000
Papua New Guinea,PNG,2014,0
Papua New Guinea,PNG,2015,8240000
Papua New Guinea,PNG,2016,31060000
Paraguay,PRY,2001,10000
Paraguay,PRY,2006,190940000
Paraguay,PRY,2009,70000
Paraguay,PRY,2010,90000
Paraguay,PRY,2011,30000
Paraguay,PRY,2013,80000
Paraguay,PRY,2016,350000
Peru,PER,2000,1020000
Peru,PER,2001,180000
Peru,PER,2002,87020000
Peru,PER,2003,270000
Peru,PER,2004,100000
Peru,PER,2005,280000
Peru,PER,2006,7250000
Peru,PER,2007,730000
Peru,PER,2008,960000
Peru,PER,2009,1430000
Peru,PER,2010,7620000
Peru,PER,2011,212180000
Peru,PER,2012,225790000
Peru,PER,2013,277080000
Peru,PER,2014,187290000
Peru,PER,2015,80260000
Peru,PER,2016,97150000
Philippines,PHL,2000,11330000
Philippines,PHL,2001,30000
Philippines,PHL,2002,50340000
Philippines,PHL,2003,27960000
Philippines,PHL,2004,5650000
Philippines,PHL,2005,11420000
Philippines,PHL,2006,26300000
Philippines,PHL,2007,57150000
Philippines,PHL,2009,3760000
Philippines,PHL,2010,7320000
Philippines,PHL,2011,760000
Philippines,PHL,2012,1300000
Philippines,PHL,2013,51660000
Philippines,PHL,2014,8840000
Philippines,PHL,2015,21890000
Philippines,PHL,2016,94670000
Reunion,REU,2011,8060000.000000001
Reunion,REU,2012,14780000
Reunion,REU,2013,10160000
Reunion,REU,2014,10530000
Reunion,REU,2015,1500000
Rwanda,RWA,2000,140000
Rwanda,RWA,2005,7800000
Rwanda,RWA,2006,510000
Rwanda,RWA,2007,19260000
Rwanda,RWA,2008,24660000
Rwanda,RWA,2009,21820000
Rwanda,RWA,2010,1980000
Rwanda,RWA,2011,6030000
Rwanda,RWA,2012,690000
Rwanda,RWA,2013,93000000
Rwanda,RWA,2014,46190000
Rwanda,RWA,2016,40120000
Saint Helena,SHN,2003,160000
Saint Helena,SHN,2008,120000
Saint Helena,SHN,2015,1410000
Saint Kitts and Nevis,KNA,2008,340000
Saint Kitts and Nevis,KNA,2011,17350000
Saint Lucia,LCA,2014,900000
Saint Lucia,LCA,2015,10000
Saint Vincent and the Grenadines,VCT,2008,340000
Saint Vincent and the Grenadines,VCT,2013,10000
Saint Vincent and the Grenadines,VCT,2014,20000
Saint Vincent and the Grenadines,VCT,2016,30410000
Samoa,WSM,2009,0
Samoa,WSM,2010,200000
Samoa,WSM,2013,4520000
Samoa,WSM,2014,31490000
Samoa,WSM,2015,10000
Samoa,WSM,2016,0
Sao Tome and Principe,STP,2001,1030000
Sao Tome and Principe,STP,2002,1140000
Sao Tome and Principe,STP,2003,0
Sao Tome and Principe,STP,2004,60000
Sao Tome and Principe,STP,2005,180000
Sao Tome and Principe,STP,2010,110000
Sao Tome and Principe,STP,2011,240000
Sao Tome and Principe,STP,2012,20000
Sao Tome and Principe,STP,2013,4870000
Sao Tome and Principe,STP,2014,110000
Sao Tome and Principe,STP,2015,330000
Sao Tome and Principe,STP,2016,290000
Senegal,SEN,2000,150000
Senegal,SEN,2001,10850000
Senegal,SEN,2002,1910000
Senegal,SEN,2003,32229999.999999996
Senegal,SEN,2004,12870000
Senegal,SEN,2005,6320000
Senegal,SEN,2006,31870000
Senegal,SEN,2007,680000
Senegal,SEN,2009,36500000
Senegal,SEN,2010,1030000
Senegal,SEN,2011,1380000
Senegal,SEN,2012,8189999.999999999
Senegal,SEN,2013,17310000
Senegal,SEN,2014,120000
Senegal,SEN,2015,30320000
Senegal,SEN,2016,320890000
Seychelles,SYC,2011,10000
Seychelles,SYC,2014,80000
Seychelles,SYC,2015,40000
Seychelles,SYC,2016,670000
Sierra Leone,SLE,2004,23710000
Sierra Leone,SLE,2005,54100000
Sierra Leone,SLE,2006,10000
Sierra Leone,SLE,2007,14920000
Sierra Leone,SLE,2008,14940000
Sierra Leone,SLE,2009,50000
Sierra Leone,SLE,2010,8920000
Sierra Leone,SLE,2014,8080000
Sierra Leone,SLE,2016,28070000
Small Island Developing States (SIDS),,2000,21420000
Small Island Developing States (SIDS),,2001,28400000
Small Island Developing States (SIDS),,2002,7780000
Small Island Developing States (SIDS),,2003,4680000
Small Island Developing States (SIDS),,2004,1850000
Small Island Developing States (SIDS),,2005,23830000
Small Island Developing States (SIDS),,2006,2680000
Small Island Developing States (SIDS),,2007,15840000
Small Island Developing States (SIDS),,2008,3280000
Small Island Developing States (SIDS),,2009,151960000
Small Island Developing States (SIDS),,2010,173100000
Small Island Developing States (SIDS),,2011,246040000
Small Island Developing States (SIDS),,2012,55040000
Small Island Developing States (SIDS),,2013,164010000
Small Island Developing States (SIDS),,2014,259120000
Small Island Developing States (SIDS),,2015,293440000
Small Island Developing States (SIDS),,2016,268390000
Solomon Islands,SLB,2008,80000
Solomon Islands,SLB,2009,80000
Solomon Islands,SLB,2011,10000
Solomon Islands,SLB,2012,1060000
Solomon Islands,SLB,2013,10000
Solomon Islands,SLB,2014,12600000
Solomon Islands,SLB,2015,6640000
Solomon Islands,SLB,2016,6650000
Somalia,SOM,2013,3230000
Somalia,SOM,2015,290000
Somalia,SOM,2016,780000
South Africa,ZAF,2000,370000
South Africa,ZAF,2001,1150000
South Africa,ZAF,2002,24060000
South Africa,ZAF,2004,40000
South Africa,ZAF,2005,12290000
South Africa,ZAF,2006,7460000
South Africa,ZAF,2007,1110000
South Africa,ZAF,2008,1100000
South Africa,ZAF,2009,90000
South Africa,ZAF,2010,250180000
South Africa,ZAF,2011,253950000
South Africa,ZAF,2012,458670000
South Africa,ZAF,2013,318830000
South Africa,ZAF,2014,191150000
South Africa,ZAF,2015,688140000
South Africa,ZAF,2016,194780000
South Sudan,SSD,2011,950000
South Sudan,SSD,2012,1590000
South Sudan,SSD,2013,1400000
South Sudan,SSD,2015,70000
South Sudan,SSD,2016,30000
Sri Lanka,LKA,2000,1530000
Sri Lanka,LKA,2001,3750000
Sri Lanka,LKA,2002,383910000
Sri Lanka,LKA,2003,40000
Sri Lanka,LKA,2004,130000
Sri Lanka,LKA,2005,23740000
Sri Lanka,LKA,2006,90000
Sri Lanka,LKA,2007,36610000
Sri Lanka,LKA,2008,110000
Sri Lanka,LKA,2009,11660000
Sri Lanka,LKA,2010,44430000
Sri Lanka,LKA,2011,6800000
Sri Lanka,LKA,2012,214170000
Sri Lanka,LKA,2013,2260000
Sri Lanka,LKA,2014,115140000
Sri Lanka,LKA,2015,430000
Sri Lanka,LKA,2016,58760000
Sub-Saharan Africa,,2000,65660000
Sub-Saharan Africa,,2001,103380000
Sub-Saharan Africa,,2002,146560000
Sub-Saharan Africa,,2003,550100000
Sub-Saharan Africa,,2004,191410000
Sub-Saharan Africa,,2005,533220000
Sub-Saharan Africa,,2006,660480000
Sub-Saharan Africa,,2007,1452670000
Sub-Saharan Africa,,2008,728350000
Sub-Saharan Africa,,2009,761970000
Sub-Saharan Africa,,2010,1831750000
Sub-Saharan Africa,,2011,2928630000
Sub-Saharan Africa,,2012,1931880000
Sub-Saharan Africa,,2013,4975770000
Sub-Saharan Africa,,2014,2249030000
Sub-Saharan Africa,,2015,5047020000
Sub-Saharan Africa,,2016,3909270000
Sudan,SDN,2003,1254820000
Sudan,SDN,2010,81930000
Sudan,SDN,2011,26550000
Sudan,SDN,2012,120000
Sudan,SDN,2013,3220000
Sudan,SDN,2014,380000
Sudan,SDN,2015,30000
Sudan,SDN,2016,40000
Suriname,SUR,2009,380000
Suriname,SUR,2011,3890000
Suriname,SUR,2013,20000
Suriname,SUR,2014,0
Syria,SYR,2010,5220000
Tajikistan,TJK,2002,9310000
Tajikistan,TJK,2003,21150000
Tajikistan,TJK,2005,540000
Tajikistan,TJK,2006,520000
Tajikistan,TJK,2007,21910000
Tajikistan,TJK,2008,32790000
Tajikistan,TJK,2009,140000
Tajikistan,TJK,2010,6450000
Tajikistan,TJK,2011,850000
Tajikistan,TJK,2012,3540000
Tajikistan,TJK,2013,129100000
Tajikistan,TJK,2014,410000
Tajikistan,TJK,2015,180000
Tajikistan,TJK,2016,90000
Tanzania,TZA,2000,200000
Tanzania,TZA,2001,2270000
Tanzania,TZA,2002,1520000
Tanzania,TZA,2003,3910000
Tanzania,TZA,2004,80000
Tanzania,TZA,2005,40000
Tanzania,TZA,2006,110000
Tanzania,TZA,2007,19150000
Tanzania,TZA,2008,58980000
Tanzania,TZA,2009,520000
Tanzania,TZA,2010,8470000
Tanzania,TZA,2011,8039999.999999999
Tanzania,TZA,2012,3270000
Tanzania,TZA,2013,162770000
Tanzania,TZA,2014,43530000
Tanzania,TZA,2015,35080000
Tanzania,TZA,2016,145970000
Thailand,THA,2000,150000
Thailand,THA,2001,6410000
Thailand,THA,2002,10110000
Thailand,THA,2003,3480000
Thailand,THA,2004,1470000
Thailand,THA,2006,90000
Thailand,THA,2007,420000
Thailand,THA,2008,4370000
Thailand,THA,2009,1620000
Thailand,THA,2010,3980000
Thailand,THA,2011,271840000
Thailand,THA,2012,114590000
Thailand,THA,2013,52590000
Thailand,THA,2014,4230000
Thailand,THA,2015,53410000
Thailand,THA,2016,400000
Timor,TLS,2003,3900000
Timor,TLS,2005,1290000
Timor,TLS,2006,1380000
Timor,TLS,2007,1120000
Timor,TLS,2008,70000
Timor,TLS,2009,150000
Timor,TLS,2010,5050000
Timor,TLS,2011,230000
Timor,TLS,2012,1910000
Timor,TLS,2013,460000
Timor,TLS,2014,10000
Timor,TLS,2015,0
Timor,TLS,2016,1010000
Togo,TGO,2006,20000
Togo,TGO,2012,20000
Togo,TGO,2013,150000
Togo,TGO,2014,8600000
Togo,TGO,2015,4480000
Togo,TGO,2016,50000
Tokelau,TKL,2011,5230000
Tonga,TON,2004,20000
Tonga,TON,2005,750000
Tonga,TON,2006,430000
Tonga,TON,2009,0
Tonga,TON,2010,5650000
Tonga,TON,2011,11800000
Tonga,TON,2012,7520000
Tonga,TON,2013,17460000
Tonga,TON,2014,2420000
Tonga,TON,2015,13440000
Tonga,TON,2016,2860000
Tunisia,TUN,2000,4210000
Tunisia,TUN,2001,4130000
Tunisia,TUN,2002,5030000
Tunisia,TUN,2003,400000
Tunisia,TUN,2004,270000
Tunisia,TUN,2005,17470000
Tunisia,TUN,2006,23270000
Tunisia,TUN,2007,1580000
Tunisia,TUN,2008,225080000
Tunisia,TUN,2009,117670000
Tunisia,TUN,2010,124510000
Tunisia,TUN,2011,790000
Tunisia,TUN,2012,172840000
Tunisia,TUN,2013,8880000
Tunisia,TUN,2015,8340000
Tunisia,TUN,2016,43430000
Turkey,TUR,2000,126070000
Turkey,TUR,2001,10000
Turkey,TUR,2004,123640000
Turkey,TUR,2005,330000
Turkey,TUR,2006,230000
Turkey,TUR,2007,1560000
Turkey,TUR,2008,62680000
Turkey,TUR,2009,473970000
Turkey,TUR,2010,270180000
Turkey,TUR,2011,764450000
Turkey,TUR,2012,265300000
Turkey,TUR,2013,568910000
Turkey,TUR,2014,509180000
Turkey,TUR,2015,393990000
Turkey,TUR,2016,1361230000
Turkmenistan,TKM,2009,30000
Turkmenistan,TKM,2013,5710000
Turkmenistan,TKM,2014,40000
Turkmenistan,TKM,2015,120000
Turkmenistan,TKM,2016,80000
Tuvalu,TUV,2008,30000
Tuvalu,TUV,2009,10000
Tuvalu,TUV,2010,520000
Tuvalu,TUV,2011,10000
Tuvalu,TUV,2012,2200000
Tuvalu,TUV,2013,4580000
Tuvalu,TUV,2014,19920000
Tuvalu,TUV,2015,8240000
Uganda,UGA,2000,25820000
Uganda,UGA,2001,6360000
Uganda,UGA,2002,3520000
Uganda,UGA,2003,610000
Uganda,UGA,2004,30000
Uganda,UGA,2005,70000
Uganda,UGA,2006,60000
Uganda,UGA,2007,422620000
Uganda,UGA,2008,18540000
Uganda,UGA,2009,70650000
Uganda,UGA,2010,27590000
Uganda,UGA,2011,25650000
Uganda,UGA,2012,22200000
Uganda,UGA,2013,1405720000
Uganda,UGA,2014,30570000
Uganda,UGA,2015,535190000.00000006
Uganda,UGA,2016,178090000
Uruguay,URY,2001,1260000
Uruguay,URY,2003,22580000
Uruguay,URY,2005,0
Uruguay,URY,2006,0
Uruguay,URY,2007,840000
Uruguay,URY,2009,6760000
Uruguay,URY,2010,1070000
Uruguay,URY,2011,7450000
Uruguay,URY,2012,278910000
Uruguay,URY,2013,200910000
Uruguay,URY,2014,166430000
Uruguay,URY,2015,198830000
Uruguay,URY,2016,67030000
Uzbekistan,UZB,2004,210000
Uzbekistan,UZB,2012,90640000
Uzbekistan,UZB,2013,189260000
Uzbekistan,UZB,2015,260000
Uzbekistan,UZB,2016,670000
Vanuatu,VUT,2007,12710000
Vanuatu,VUT,2008,30000
Vanuatu,VUT,2010,850000
Vanuatu,VUT,2012,2890000
Vanuatu,VUT,2013,4570000
Vanuatu,VUT,2014,8330000
Vanuatu,VUT,2015,6990000
Venezuela,VEN,2000,810000
Venezuela,VEN,2004,20000
Venezuela,VEN,2006,778440000
Venezuela,VEN,2009,180000
Venezuela,VEN,2010,1220250000
Venezuela,VEN,2011,336580000
Venezuela,VEN,2012,10000
Venezuela,VEN,2013,10000
Venezuela,VEN,2014,4190000.0000000005
Vietnam,VNM,2000,10000
Vietnam,VNM,2001,99830000
Vietnam,VNM,2002,38480000
Vietnam,VNM,2003,170000
Vietnam,VNM,2004,220820000
Vietnam,VNM,2005,4910000
Vietnam,VNM,2006,1380000
Vietnam,VNM,2007,50000
Vietnam,VNM,2008,184400000
Vietnam,VNM,2009,426800000
Vietnam,VNM,2010,89820000
Vietnam,VNM,2011,260149999.99999997
Vietnam,VNM,2012,1370000
Vietnam,VNM,2013,86490000
Vietnam,VNM,2014,233820000
Vietnam,VNM,2015,6070000
Vietnam,VNM,2016,289590000
World,OWID_WRL,2000,1351510000
World,OWID_WRL,2001,1315120000
World,OWID_WRL,2002,1188270000
World,OWID_WRL,2003,2956900000
World,OWID_WRL,2004,2096280000.0000002
World,OWID_WRL,2005,1808220000
World,OWID_WRL,2006,2901650000
World,OWID_WRL,2007,3958630000
World,OWID_WRL,2008,2391700000
World,OWID_WRL,2009,3683770000
World,OWID_WRL,2010,9899970000
World,OWID_WRL,2011,10233100000
World,OWID_WRL,2012,10174860000
World,OWID_WRL,2013,12950850000
World,OWID_WRL,2014,15444140000
World,OWID_WRL,2015,14512320000
World,OWID_WRL,2016,18592150000
Yemen,YEM,2000,1390000
Yemen,YEM,2001,30000
Yemen,YEM,2002,0
Yemen,YEM,2004,100000
Yemen,YEM,2005,130000
Yemen,YEM,2006,120000
Yemen,YEM,2007,110000
Yemen,YEM,2008,140000
Yemen,YEM,2009,10940000
Yemen,YEM,2010,300000
Yemen,YEM,2012,76400000
Yemen,YEM,2013,630000
Yemen,YEM,2014,17950000
Zambia,ZMB,2000,10000
Zambia,ZMB,2004,2460000
Zambia,ZMB,2005,9730000
Zambia,ZMB,2006,90000
Zambia,ZMB,2007,20000
Zambia,ZMB,2008,18350000
Zambia,ZMB,2009,140000
Zambia,ZMB,2010,377640000
Zambia,ZMB,2011,71830000
Zambia,ZMB,2012,10000
Zambia,ZMB,2013,1880000
Zambia,ZMB,2014,224200000
Zambia,ZMB,2015,1685340000
Zambia,ZMB,2016,103890000
Zimbabwe,ZWE,2000,30000
Zimbabwe,ZWE,2001,270000
Zimbabwe,ZWE,2003,10000
Zimbabwe,ZWE,2005,470000
Zimbabwe,ZWE,2009,20000
Zimbabwe,ZWE,2011,1050000
Zimbabwe,ZWE,2013,304790000
Zimbabwe,ZWE,2014,50000
Zimbabwe,ZWE,2016,30000
